scenario,page,round,latency_ms
blaze-offset,1,0,1.5906
spring-data-keyset,1,0,1.6078
hibernate-keyset,1,0,2.0389
hql-row-value-keyset,1,0,1.2375
blaze-keyset,1,0,1.5557
blaze-keyset-with-count,1,0,28.7525
spring-data-page,1,0,32.2867
jpa-offset,1,0,1.9980
spring-data-keyset,1,1,1.7979
hibernate-keyset,1,1,1.8128
hql-row-value-keyset,1,1,1.2630
blaze-keyset,1,1,1.6246
blaze-keyset-with-count,1,1,27.0982
spring-data-page,1,1,31.8679
jpa-offset,1,1,1.5692
blaze-offset,1,1,1.4186
hibernate-keyset,1,2,1.6888
hql-row-value-keyset,1,2,1.2883
blaze-keyset,1,2,1.2566
blaze-keyset-with-count,1,2,27.6446
spring-data-page,1,2,32.4566
jpa-offset,1,2,1.6597
blaze-offset,1,2,1.4387
spring-data-keyset,1,2,1.5969
hql-row-value-keyset,1,3,1.4549
blaze-keyset,1,3,1.5303
blaze-keyset-with-count,1,3,35.3064
spring-data-page,1,3,33.9084
jpa-offset,1,3,1.6695
blaze-offset,1,3,1.4537
spring-data-keyset,1,3,2.1330
hibernate-keyset,1,3,1.9750
blaze-keyset,1,4,1.4456
blaze-keyset-with-count,1,4,27.7947
spring-data-page,1,4,33.2878
jpa-offset,1,4,1.3245
blaze-offset,1,4,1.3395
spring-data-keyset,1,4,1.4015
hibernate-keyset,1,4,1.5349
hql-row-value-keyset,1,4,1.2289
blaze-keyset-with-count,1,5,27.2845
spring-data-page,1,5,32.9448
jpa-offset,1,5,1.8820
blaze-offset,1,5,1.4922
spring-data-keyset,1,5,1.6678
hibernate-keyset,1,5,2.1041
hql-row-value-keyset,1,5,1.4823
blaze-keyset,1,5,1.3690
spring-data-page,1,6,34.4001
jpa-offset,1,6,2.7670
blaze-offset,1,6,1.7836
spring-data-keyset,1,6,1.3578
hibernate-keyset,1,6,1.4556
hql-row-value-keyset,1,6,1.3003
blaze-keyset,1,6,1.1616
blaze-keyset-with-count,1,6,27.5997
jpa-offset,1,7,2.0900
blaze-offset,1,7,1.3836
spring-data-keyset,1,7,1.5087
hibernate-keyset,1,7,1.5903
hql-row-value-keyset,1,7,1.1364
blaze-keyset,1,7,1.1715
blaze-keyset-with-count,1,7,26.9548
spring-data-page,1,7,32.9532
blaze-offset,1,8,1.6050
spring-data-keyset,1,8,1.5918
hibernate-keyset,1,8,1.6901
hql-row-value-keyset,1,8,1.2543
blaze-keyset,1,8,1.1866
blaze-keyset-with-count,1,8,26.6559
spring-data-page,1,8,34.7447
jpa-offset,1,8,1.7831
spring-data-keyset,1,9,1.3933
hibernate-keyset,1,9,1.5598
hql-row-value-keyset,1,9,1.1629
blaze-keyset,1,9,1.4824
blaze-keyset-with-count,1,9,28.0568
spring-data-page,1,9,34.1638
jpa-offset,1,9,2.0384
blaze-offset,1,9,1.5227
hibernate-keyset,1,10,1.9399
hql-row-value-keyset,1,10,2.2273
blaze-keyset,1,10,1.3860
blaze-keyset-with-count,1,10,27.7734
spring-data-page,1,10,33.3691
jpa-offset,1,10,2.1630
blaze-offset,1,10,1.6801
spring-data-keyset,1,10,1.4465
hql-row-value-keyset,1,11,1.2057
blaze-keyset,1,11,1.0448
blaze-keyset-with-count,1,11,26.6738
spring-data-page,1,11,32.4677
jpa-offset,1,11,1.9336
blaze-offset,1,11,1.6303
spring-data-keyset,1,11,1.3870
hibernate-keyset,1,11,1.5218
blaze-keyset,1,12,1.1244
blaze-keyset-with-count,1,12,26.5814
spring-data-page,1,12,31.9941
jpa-offset,1,12,1.6125
blaze-offset,1,12,1.7905
spring-data-keyset,1,12,1.4411
hibernate-keyset,1,12,1.4662
hql-row-value-keyset,1,12,1.1271
blaze-keyset-with-count,1,13,26.3563
spring-data-page,1,13,32.9591
jpa-offset,1,13,2.6005
blaze-offset,1,13,1.6781
spring-data-keyset,1,13,1.5358
hibernate-keyset,1,13,1.7828
hql-row-value-keyset,1,13,1.2037
blaze-keyset,1,13,1.1811
spring-data-page,1,14,34.7786
jpa-offset,1,14,1.8447
blaze-offset,1,14,1.3337
spring-data-keyset,1,14,1.4121
hibernate-keyset,1,14,1.8654
hql-row-value-keyset,1,14,1.7202
blaze-keyset,1,14,1.6057
blaze-keyset-with-count,1,14,27.0213
jpa-offset,1,15,1.7610
blaze-offset,1,15,1.2574
spring-data-keyset,1,15,1.6323
hibernate-keyset,1,15,1.8927
hql-row-value-keyset,1,15,1.1578
blaze-keyset,1,15,1.1497
blaze-keyset-with-count,1,15,26.3369
spring-data-page,1,15,32.0414
blaze-offset,1,16,1.5622
spring-data-keyset,1,16,1.8941
hibernate-keyset,1,16,2.0072
hql-row-value-keyset,1,16,1.1037
blaze-keyset,1,16,1.1884
blaze-keyset-with-count,1,16,27.2845
spring-data-page,1,16,32.5451
jpa-offset,1,16,2.1157
spring-data-keyset,1,17,1.8433
hibernate-keyset,1,17,1.6535
hql-row-value-keyset,1,17,1.5769
blaze-keyset,1,17,1.1219
blaze-keyset-with-count,1,17,25.7744
spring-data-page,1,17,32.4555
jpa-offset,1,17,2.4299
blaze-offset,1,17,1.5756
hibernate-keyset,1,18,1.8448
hql-row-value-keyset,1,18,1.3286
blaze-keyset,1,18,1.1460
blaze-keyset-with-count,1,18,27.2245
spring-data-page,1,18,31.9303
jpa-offset,1,18,2.1745
blaze-offset,1,18,1.5875
spring-data-keyset,1,18,1.3280
hql-row-value-keyset,1,19,1.5263
blaze-keyset,1,19,1.0478
blaze-keyset-with-count,1,19,26.2911
spring-data-page,1,19,32.7124
jpa-offset,1,19,2.1581
blaze-offset,1,19,1.7243
spring-data-keyset,1,19,1.5857
hibernate-keyset,1,19,1.6193
blaze-keyset,1,20,1.4057
blaze-keyset-with-count,1,20,27.2797
spring-data-page,1,20,32.8767
jpa-offset,1,20,1.6544
blaze-offset,1,20,1.5071
spring-data-keyset,1,20,1.4835
hibernate-keyset,1,20,1.6473
hql-row-value-keyset,1,20,1.1399
blaze-keyset-with-count,1,21,26.3632
spring-data-page,1,21,32.2882
jpa-offset,1,21,1.9790
blaze-offset,1,21,1.3194
spring-data-keyset,1,21,1.3059
hibernate-keyset,1,21,1.6288
hql-row-value-keyset,1,21,1.1146
blaze-keyset,1,21,1.1867
spring-data-page,1,22,31.6819
jpa-offset,1,22,1.7584
blaze-offset,1,22,1.4016
spring-data-keyset,1,22,1.5995
hibernate-keyset,1,22,1.6961
hql-row-value-keyset,1,22,1.0490
blaze-keyset,1,22,1.0907
blaze-keyset-with-count,1,22,27.5026
jpa-offset,1,23,1.6491
blaze-offset,1,23,1.3677
spring-data-keyset,1,23,1.3295
hibernate-keyset,1,23,1.6066
hql-row-value-keyset,1,23,1.8095
blaze-keyset,1,23,1.6219
blaze-keyset-with-count,1,23,27.2463
spring-data-page,1,23,31.8897
blaze-offset,1,24,2.2198
spring-data-keyset,1,24,1.6292
hibernate-keyset,1,24,2.1352
hql-row-value-keyset,1,24,1.2376
blaze-keyset,1,24,1.2628
blaze-keyset-with-count,1,24,26.5476
spring-data-page,1,24,31.9401
jpa-offset,1,24,1.5926
spring-data-keyset,1,25,1.3851
hibernate-keyset,1,25,1.9202
hql-row-value-keyset,1,25,1.3607
blaze-keyset,1,25,1.3322
blaze-keyset-with-count,1,25,27.4452
spring-data-page,1,25,32.4634
jpa-offset,1,25,1.7021
blaze-offset,1,25,1.4029
hibernate-keyset,1,26,2.3322
hql-row-value-keyset,1,26,1.4965
blaze-keyset,1,26,1.4934
blaze-keyset-with-count,1,26,26.3032
spring-data-page,1,26,31.8361
jpa-offset,1,26,1.5704
blaze-offset,1,26,1.5728
spring-data-keyset,1,26,1.7191
hql-row-value-keyset,1,27,1.3580
blaze-keyset,1,27,1.2634
blaze-keyset-with-count,1,27,26.4864
spring-data-page,1,27,31.4492
jpa-offset,1,27,2.0543
blaze-offset,1,27,1.7660
spring-data-keyset,1,27,2.2175
hibernate-keyset,1,27,1.7376
blaze-keyset,1,28,1.2089
blaze-keyset-with-count,1,28,26.5057
spring-data-page,1,28,32.7925
jpa-offset,1,28,1.4622
blaze-offset,1,28,1.9011
spring-data-keyset,1,28,2.1351
hibernate-keyset,1,28,1.7627
hql-row-value-keyset,1,28,1.4948
blaze-keyset-with-count,1,29,27.0904
spring-data-page,1,29,32.8897
jpa-offset,1,29,2.4410
blaze-offset,1,29,1.5788
spring-data-keyset,1,29,1.4075
hibernate-keyset,1,29,1.5464
hql-row-value-keyset,1,29,1.1580
blaze-keyset,1,29,1.1349
spring-data-page,1,30,31.9644
jpa-offset,1,30,1.5741
blaze-offset,1,30,1.2585
spring-data-keyset,1,30,1.3586
hibernate-keyset,1,30,1.7551
hql-row-value-keyset,1,30,1.2089
blaze-keyset,1,30,1.1463
blaze-keyset-with-count,1,30,27.6722
jpa-offset,1,31,1.5733
blaze-offset,1,31,1.2810
spring-data-keyset,1,31,1.3818
hibernate-keyset,1,31,1.5118
hql-row-value-keyset,1,31,1.6369
blaze-keyset,1,31,1.5734
blaze-keyset-with-count,1,31,27.6082
spring-data-page,1,31,32.1902
blaze-offset,1,32,1.5404
spring-data-keyset,1,32,1.3793
hibernate-keyset,1,32,1.7708
hql-row-value-keyset,1,32,1.3842
blaze-keyset,1,32,1.4005
blaze-keyset-with-count,1,32,26.6309
spring-data-page,1,32,31.8974
jpa-offset,1,32,1.7151
spring-data-keyset,1,33,1.7150
hibernate-keyset,1,33,1.9108
hql-row-value-keyset,1,33,2.0417
blaze-keyset,1,33,1.6531
blaze-keyset-with-count,1,33,27.0905
spring-data-page,1,33,32.2024
jpa-offset,1,33,1.8385
blaze-offset,1,33,1.4059
hibernate-keyset,1,34,2.0410
hql-row-value-keyset,1,34,1.2761
blaze-keyset,1,34,1.2860
blaze-keyset-with-count,1,34,25.8783
spring-data-page,1,34,33.1990
jpa-offset,1,34,1.6037
blaze-offset,1,34,1.3930
spring-data-keyset,1,34,1.8161
hql-row-value-keyset,1,35,1.4073
blaze-keyset,1,35,1.4138
blaze-keyset-with-count,1,35,26.4400
spring-data-page,1,35,31.8553
jpa-offset,1,35,1.6327
blaze-offset,1,35,1.5363
spring-data-keyset,1,35,2.1406
hibernate-keyset,1,35,1.6984
blaze-keyset,1,36,1.0912
blaze-keyset-with-count,1,36,27.7593
spring-data-page,1,36,32.3968
jpa-offset,1,36,1.4192
blaze-offset,1,36,2.2351
spring-data-keyset,1,36,1.9202
hibernate-keyset,1,36,1.7756
hql-row-value-keyset,1,36,1.2236
blaze-keyset-with-count,1,37,26.7575
spring-data-page,1,37,32.4505
jpa-offset,1,37,2.3818
blaze-offset,1,37,1.6504
spring-data-keyset,1,37,1.6130
hibernate-keyset,1,37,1.8160
hql-row-value-keyset,1,37,1.3311
blaze-keyset,1,37,1.0978
spring-data-page,1,38,33.1004
jpa-offset,1,38,1.5656
blaze-offset,1,38,1.3458
spring-data-keyset,1,38,3.0423
hibernate-keyset,1,38,3.8502
hql-row-value-keyset,1,38,2.4059
blaze-keyset,1,38,1.9584
blaze-keyset-with-count,1,38,26.3758
jpa-offset,1,39,2.0579
blaze-offset,1,39,1.9281
spring-data-keyset,1,39,2.2346
hibernate-keyset,1,39,2.3844
hql-row-value-keyset,1,39,1.2693
blaze-keyset,1,39,1.2450
blaze-keyset-with-count,1,39,26.8723
spring-data-page,1,39,32.0396
blaze-offset,1,40,1.6093
spring-data-keyset,1,40,1.2161
hibernate-keyset,1,40,1.5397
hql-row-value-keyset,1,40,0.9063
blaze-keyset,1,40,1.0002
blaze-keyset-with-count,1,40,26.2660
spring-data-page,1,40,31.6077
jpa-offset,1,40,2.0035
spring-data-keyset,1,41,1.5036
hibernate-keyset,1,41,1.5275
hql-row-value-keyset,1,41,1.1949
blaze-keyset,1,41,1.2146
blaze-keyset-with-count,1,41,27.3132
spring-data-page,1,41,34.3207
jpa-offset,1,41,2.2717
blaze-offset,1,41,1.5607
hibernate-keyset,1,42,1.6094
hql-row-value-keyset,1,42,1.2876
blaze-keyset,1,42,1.1253
blaze-keyset-with-count,1,42,27.0824
spring-data-page,1,42,32.2772
jpa-offset,1,42,1.6520
blaze-offset,1,42,1.4519
spring-data-keyset,1,42,1.2312
hql-row-value-keyset,1,43,1.6887
blaze-keyset,1,43,1.5989
blaze-keyset-with-count,1,43,28.1502
spring-data-page,1,43,34.2799
jpa-offset,1,43,1.7893
blaze-offset,1,43,1.8084
spring-data-keyset,1,43,1.6666
hibernate-keyset,1,43,1.6519
blaze-keyset,1,44,1.1578
blaze-keyset-with-count,1,44,27.2324
spring-data-page,1,44,32.0497
jpa-offset,1,44,1.5825
blaze-offset,1,44,1.2794
spring-data-keyset,1,44,1.1588
hibernate-keyset,1,44,1.4685
hql-row-value-keyset,1,44,1.3615
blaze-keyset-with-count,1,45,27.1314
spring-data-page,1,45,31.8086
jpa-offset,1,45,1.8718
blaze-offset,1,45,1.5729
spring-data-keyset,1,45,1.3234
hibernate-keyset,1,45,1.6171
hql-row-value-keyset,1,45,1.2274
blaze-keyset,1,45,1.6087
spring-data-page,1,46,31.7474
jpa-offset,1,46,1.5776
blaze-offset,1,46,1.9819
spring-data-keyset,1,46,1.4344
hibernate-keyset,1,46,1.5570
hql-row-value-keyset,1,46,1.4226
blaze-keyset,1,46,1.2088
blaze-keyset-with-count,1,46,27.0964
jpa-offset,1,47,2.2003
blaze-offset,1,47,1.4599
spring-data-keyset,1,47,1.2598
hibernate-keyset,1,47,1.4690
hql-row-value-keyset,1,47,1.1432
blaze-keyset,1,47,1.4503
blaze-keyset-with-count,1,47,27.0169
spring-data-page,1,47,31.7319
blaze-offset,1,48,1.8357
spring-data-keyset,1,48,1.3835
hibernate-keyset,1,48,1.7070
hql-row-value-keyset,1,48,1.1296
blaze-keyset,1,48,1.2502
blaze-keyset-with-count,1,48,26.1989
spring-data-page,1,48,31.9254
jpa-offset,1,48,1.8439
spring-data-keyset,1,49,1.3883
hibernate-keyset,1,49,1.6301
hql-row-value-keyset,1,49,1.1903
blaze-keyset,1,49,1.1891
blaze-keyset-with-count,1,49,27.1378
spring-data-page,1,49,32.3268
jpa-offset,1,49,1.9746
blaze-offset,1,49,1.7556
hibernate-keyset,1,50,1.8132
hql-row-value-keyset,1,50,1.1595
blaze-keyset,1,50,1.2294
blaze-keyset-with-count,1,50,26.6224
spring-data-page,1,50,32.0385
jpa-offset,1,50,2.1354
blaze-offset,1,50,1.3590
spring-data-keyset,1,50,1.1737
hql-row-value-keyset,1,51,1.1934
blaze-keyset,1,51,1.1777
blaze-keyset-with-count,1,51,26.3209
spring-data-page,1,51,33.4624
jpa-offset,1,51,2.0623
blaze-offset,1,51,1.2809
spring-data-keyset,1,51,1.3393
hibernate-keyset,1,51,1.6928
blaze-keyset,1,52,1.3479
blaze-keyset-with-count,1,52,26.8768
spring-data-page,1,52,32.1344
jpa-offset,1,52,1.7386
blaze-offset,1,52,1.4393
spring-data-keyset,1,52,1.5512
hibernate-keyset,1,52,1.7355
hql-row-value-keyset,1,52,1.3416
blaze-keyset-with-count,1,53,28.8426
spring-data-page,1,53,32.5284
jpa-offset,1,53,2.0620
blaze-offset,1,53,1.5576
spring-data-keyset,1,53,1.3337
hibernate-keyset,1,53,1.7953
hql-row-value-keyset,1,53,1.2206
blaze-keyset,1,53,1.4821
spring-data-page,1,54,32.9394
jpa-offset,1,54,2.6519
blaze-offset,1,54,1.4561
spring-data-keyset,1,54,2.1781
hibernate-keyset,1,54,1.8937
hql-row-value-keyset,1,54,1.3374
blaze-keyset,1,54,1.2770
blaze-keyset-with-count,1,54,26.5171
jpa-offset,1,55,2.3194
blaze-offset,1,55,1.3574
spring-data-keyset,1,55,1.2532
hibernate-keyset,1,55,1.5118
hql-row-value-keyset,1,55,1.0974
blaze-keyset,1,55,1.0661
blaze-keyset-with-count,1,55,26.7824
spring-data-page,1,55,35.8222
blaze-offset,1,56,2.1582
spring-data-keyset,1,56,1.3466
hibernate-keyset,1,56,1.4614
hql-row-value-keyset,1,56,1.0528
blaze-keyset,1,56,1.3014
blaze-keyset-with-count,1,56,27.3589
spring-data-page,1,56,32.4444
jpa-offset,1,56,2.1892
spring-data-keyset,1,57,1.7273
hibernate-keyset,1,57,1.6860
hql-row-value-keyset,1,57,1.4257
blaze-keyset,1,57,1.1995
blaze-keyset-with-count,1,57,27.6542
spring-data-page,1,57,33.9369
jpa-offset,1,57,2.1565
blaze-offset,1,57,2.0784
hibernate-keyset,1,58,2.2325
hql-row-value-keyset,1,58,1.7516
blaze-keyset,1,58,2.3890
blaze-keyset-with-count,1,58,27.6272
spring-data-page,1,58,32.4677
jpa-offset,1,58,1.8842
blaze-offset,1,58,1.5722
spring-data-keyset,1,58,1.3865
hql-row-value-keyset,1,59,1.6680
blaze-keyset,1,59,1.1472
blaze-keyset-with-count,1,59,26.3944
spring-data-page,1,59,33.5653
jpa-offset,1,59,1.8162
blaze-offset,1,59,1.7155
spring-data-keyset,1,59,2.1375
hibernate-keyset,1,59,1.7694
blaze-keyset,1,60,1.7090
blaze-keyset-with-count,1,60,27.2882
spring-data-page,1,60,32.6634
jpa-offset,1,60,2.0637
blaze-offset,1,60,1.8996
spring-data-keyset,1,60,1.4824
hibernate-keyset,1,60,1.8692
hql-row-value-keyset,1,60,1.4579
blaze-keyset-with-count,1,61,27.2867
spring-data-page,1,61,31.7289
jpa-offset,1,61,2.0174
blaze-offset,1,61,1.5244
spring-data-keyset,1,61,1.6692
hibernate-keyset,1,61,1.6889
hql-row-value-keyset,1,61,1.4934
blaze-keyset,1,61,1.2792
spring-data-page,1,62,31.8319
jpa-offset,1,62,1.6463
blaze-offset,1,62,1.3660
spring-data-keyset,1,62,1.2652
hibernate-keyset,1,62,1.3563
hql-row-value-keyset,1,62,1.0765
blaze-keyset,1,62,1.2145
blaze-keyset-with-count,1,62,27.0493
jpa-offset,1,63,1.5426
blaze-offset,1,63,1.3961
spring-data-keyset,1,63,1.3471
hibernate-keyset,1,63,1.5633
hql-row-value-keyset,1,63,1.8061
blaze-keyset,1,63,1.6931
blaze-keyset-with-count,1,63,26.7123
spring-data-page,1,63,32.0127
blaze-offset,1,64,1.8448
spring-data-keyset,1,64,1.3513
hibernate-keyset,1,64,1.5458
hql-row-value-keyset,1,64,1.4955
blaze-keyset,1,64,1.6002
blaze-keyset-with-count,1,64,27.6763
spring-data-page,1,64,33.4184
jpa-offset,1,64,1.7838
spring-data-keyset,1,65,2.0316
hibernate-keyset,1,65,2.1149
hql-row-value-keyset,1,65,1.5500
blaze-keyset,1,65,1.5447
blaze-keyset-with-count,1,65,26.7305
spring-data-page,1,65,33.9784
jpa-offset,1,65,2.2852
blaze-offset,1,65,1.4337
hibernate-keyset,1,66,1.4185
hql-row-value-keyset,1,66,1.0693
blaze-keyset,1,66,1.0874
blaze-keyset-with-count,1,66,27.6371
spring-data-page,1,66,32.4985
jpa-offset,1,66,1.8125
blaze-offset,1,66,1.3406
spring-data-keyset,1,66,1.3504
hql-row-value-keyset,1,67,1.1884
blaze-keyset,1,67,1.1410
blaze-keyset-with-count,1,67,29.6961
spring-data-page,1,67,33.3157
jpa-offset,1,67,1.6288
blaze-offset,1,67,1.7067
spring-data-keyset,1,67,1.4857
hibernate-keyset,1,67,1.7572
blaze-keyset,1,68,1.2229
blaze-keyset-with-count,1,68,27.7119
spring-data-page,1,68,33.2811
jpa-offset,1,68,1.7263
blaze-offset,1,68,1.3373
spring-data-keyset,1,68,1.4495
hibernate-keyset,1,68,1.4421
hql-row-value-keyset,1,68,1.1766
blaze-keyset-with-count,1,69,26.8627
spring-data-page,1,69,31.7105
jpa-offset,1,69,1.7377
blaze-offset,1,69,1.6177
spring-data-keyset,1,69,1.5697
hibernate-keyset,1,69,1.9975
hql-row-value-keyset,1,69,1.4585
blaze-keyset,1,69,1.1994
spring-data-page,1,70,32.4190
jpa-offset,1,70,2.2485
blaze-offset,1,70,2.1934
spring-data-keyset,1,70,1.3595
hibernate-keyset,1,70,1.5808
hql-row-value-keyset,1,70,1.1940
blaze-keyset,1,70,1.3076
blaze-keyset-with-count,1,70,25.6253
jpa-offset,1,71,2.0277
blaze-offset,1,71,1.3375
spring-data-keyset,1,71,1.3302
hibernate-keyset,1,71,1.5313
hql-row-value-keyset,1,71,1.4029
blaze-keyset,1,71,1.2037
blaze-keyset-with-count,1,71,27.1550
spring-data-page,1,71,32.6398
blaze-offset,1,72,1.7893
spring-data-keyset,1,72,1.3111
hibernate-keyset,1,72,1.4337
hql-row-value-keyset,1,72,1.1565
blaze-keyset,1,72,1.2130
blaze-keyset-with-count,1,72,27.5043
spring-data-page,1,72,34.8315
jpa-offset,1,72,1.5922
spring-data-keyset,1,73,1.4500
hibernate-keyset,1,73,1.5895
hql-row-value-keyset,1,73,1.3924
blaze-keyset,1,73,1.5059
blaze-keyset-with-count,1,73,28.0470
spring-data-page,1,73,32.5896
jpa-offset,1,73,2.1429
blaze-offset,1,73,1.4686
hibernate-keyset,1,74,1.6034
hql-row-value-keyset,1,74,1.1462
blaze-keyset,1,74,1.1964
blaze-keyset-with-count,1,74,27.7553
spring-data-page,1,74,32.3544
jpa-offset,1,74,1.7672
blaze-offset,1,74,1.3412
spring-data-keyset,1,74,1.2902
hql-row-value-keyset,1,75,1.3069
blaze-keyset,1,75,1.2493
blaze-keyset-with-count,1,75,26.7880
spring-data-page,1,75,32.1908
jpa-offset,1,75,1.6800
blaze-offset,1,75,1.4159
spring-data-keyset,1,75,1.3868
hibernate-keyset,1,75,1.4917
blaze-keyset,1,76,1.1731
blaze-keyset-with-count,1,76,26.7332
spring-data-page,1,76,33.9641
jpa-offset,1,76,1.5716
blaze-offset,1,76,1.5258
spring-data-keyset,1,76,1.2843
hibernate-keyset,1,76,1.5718
hql-row-value-keyset,1,76,1.1467
blaze-keyset-with-count,1,77,27.6011
spring-data-page,1,77,32.5514
jpa-offset,1,77,1.8299
blaze-offset,1,77,1.4588
spring-data-keyset,1,77,1.2768
hibernate-keyset,1,77,1.4592
hql-row-value-keyset,1,77,1.0604
blaze-keyset,1,77,1.1761
spring-data-page,1,78,37.9442
jpa-offset,1,78,1.7822
blaze-offset,1,78,1.4355
spring-data-keyset,1,78,1.2304
hibernate-keyset,1,78,1.3927
hql-row-value-keyset,1,78,1.0657
blaze-keyset,1,78,1.4421
blaze-keyset-with-count,1,78,27.3141
jpa-offset,1,79,1.5186
blaze-offset,1,79,1.5321
spring-data-keyset,1,79,1.3942
hibernate-keyset,1,79,1.5661
hql-row-value-keyset,1,79,1.1536
blaze-keyset,1,79,1.2607
blaze-keyset-with-count,1,79,27.3278
spring-data-page,1,79,32.3357
blaze-offset,1,80,1.8277
spring-data-keyset,1,80,1.3505
hibernate-keyset,1,80,1.5090
hql-row-value-keyset,1,80,0.9619
blaze-keyset,1,80,1.1297
blaze-keyset-with-count,1,80,26.4899
spring-data-page,1,80,31.5248
jpa-offset,1,80,1.5365
spring-data-keyset,1,81,1.3132
hibernate-keyset,1,81,1.4202
hql-row-value-keyset,1,81,1.1650
blaze-keyset,1,81,1.3347
blaze-keyset-with-count,1,81,27.5287
spring-data-page,1,81,36.0307
jpa-offset,1,81,1.9010
blaze-offset,1,81,1.8037
hibernate-keyset,1,82,1.6155
hql-row-value-keyset,1,82,1.1743
blaze-keyset,1,82,1.6655
blaze-keyset-with-count,1,82,27.3227
spring-data-page,1,82,34.9850
jpa-offset,1,82,1.7387
blaze-offset,1,82,2.3195
spring-data-keyset,1,82,1.6951
hql-row-value-keyset,1,83,1.5046
blaze-keyset,1,83,1.3218
blaze-keyset-with-count,1,83,26.3882
spring-data-page,1,83,32.3924
jpa-offset,1,83,1.6926
blaze-offset,1,83,1.8537
spring-data-keyset,1,83,1.4112
hibernate-keyset,1,83,1.5906
blaze-keyset,1,84,1.2701
blaze-keyset-with-count,1,84,26.2336
spring-data-page,1,84,32.2148
jpa-offset,1,84,1.5024
blaze-offset,1,84,1.9552
spring-data-keyset,1,84,1.6373
hibernate-keyset,1,84,1.7873
hql-row-value-keyset,1,84,1.6449
blaze-keyset-with-count,1,85,27.9845
spring-data-page,1,85,31.8992
jpa-offset,1,85,2.0981
blaze-offset,1,85,1.5975
spring-data-keyset,1,85,1.2501
hibernate-keyset,1,85,1.4224
hql-row-value-keyset,1,85,1.0298
blaze-keyset,1,85,1.3303
spring-data-page,1,86,31.9145
jpa-offset,1,86,1.7023
blaze-offset,1,86,1.4197
spring-data-keyset,1,86,1.2316
hibernate-keyset,1,86,1.4491
hql-row-value-keyset,1,86,1.1850
blaze-keyset,1,86,1.1720
blaze-keyset-with-count,1,86,27.6730
jpa-offset,1,87,1.5665
blaze-offset,1,87,1.2866
spring-data-keyset,1,87,1.3318
hibernate-keyset,1,87,1.5327
hql-row-value-keyset,1,87,1.1648
blaze-keyset,1,87,1.7875
blaze-keyset-with-count,1,87,29.1107
spring-data-page,1,87,32.8236
blaze-offset,1,88,1.7289
spring-data-keyset,1,88,1.5191
hibernate-keyset,1,88,2.0320
hql-row-value-keyset,1,88,1.2707
blaze-keyset,1,88,1.2839
blaze-keyset-with-count,1,88,27.6349
spring-data-page,1,88,32.8022
jpa-offset,1,88,1.6447
spring-data-keyset,1,89,2.1371
hibernate-keyset,1,89,1.8521
hql-row-value-keyset,1,89,1.2551
blaze-keyset,1,89,1.3360
blaze-keyset-with-count,1,89,28.1450
spring-data-page,1,89,32.9743
jpa-offset,1,89,1.9217
blaze-offset,1,89,1.4042
hibernate-keyset,1,90,1.3639
hql-row-value-keyset,1,90,1.3313
blaze-keyset,1,90,1.3680
blaze-keyset-with-count,1,90,27.0785
spring-data-page,1,90,32.5643
jpa-offset,1,90,1.6706
blaze-offset,1,90,1.2263
spring-data-keyset,1,90,1.2915
hql-row-value-keyset,1,91,1.1876
blaze-keyset,1,91,1.3689
blaze-keyset-with-count,1,91,27.4397
spring-data-page,1,91,32.2969
jpa-offset,1,91,1.8499
blaze-offset,1,91,1.3700
spring-data-keyset,1,91,1.3127
hibernate-keyset,1,91,1.5394
blaze-keyset,1,92,1.1213
blaze-keyset-with-count,1,92,26.5078
spring-data-page,1,92,31.0651
jpa-offset,1,92,1.5039
blaze-offset,1,92,1.4758
spring-data-keyset,1,92,1.1667
hibernate-keyset,1,92,1.3832
hql-row-value-keyset,1,92,1.0606
blaze-keyset-with-count,1,93,26.2915
spring-data-page,1,93,33.8472
jpa-offset,1,93,2.5489
blaze-offset,1,93,1.8022
spring-data-keyset,1,93,1.4360
hibernate-keyset,1,93,1.7959
hql-row-value-keyset,1,93,1.3061
blaze-keyset,1,93,1.4239
spring-data-page,1,94,31.8194
jpa-offset,1,94,1.7220
blaze-offset,1,94,1.4140
spring-data-keyset,1,94,1.2082
hibernate-keyset,1,94,1.6072
hql-row-value-keyset,1,94,1.1419
blaze-keyset,1,94,1.1301
blaze-keyset-with-count,1,94,28.4011
jpa-offset,1,95,1.7158
blaze-offset,1,95,1.2654
spring-data-keyset,1,95,1.2725
hibernate-keyset,1,95,1.6953
hql-row-value-keyset,1,95,1.6362
blaze-keyset,1,95,1.6443
blaze-keyset-with-count,1,95,27.5415
spring-data-page,1,95,32.4934
blaze-offset,1,96,2.7569
spring-data-keyset,1,96,3.2372
hibernate-keyset,1,96,1.8619
hql-row-value-keyset,1,96,1.0556
blaze-keyset,1,96,1.2109
blaze-keyset-with-count,1,96,28.7155
spring-data-page,1,96,33.3568
jpa-offset,1,96,2.1840
spring-data-keyset,1,97,1.6077
hibernate-keyset,1,97,1.9154
hql-row-value-keyset,1,97,1.3916
blaze-keyset,1,97,1.5983
blaze-keyset-with-count,1,97,27.2864
spring-data-page,1,97,33.2946
jpa-offset,1,97,1.7446
blaze-offset,1,97,1.3733
hibernate-keyset,1,98,1.5399
hql-row-value-keyset,1,98,1.2746
blaze-keyset,1,98,1.4269
blaze-keyset-with-count,1,98,28.1101
spring-data-page,1,98,31.7829
jpa-offset,1,98,1.5042
blaze-offset,1,98,1.3292
spring-data-keyset,1,98,1.1995
hql-row-value-keyset,1,99,1.2177
blaze-keyset,1,99,1.4514
blaze-keyset-with-count,1,99,27.1654
spring-data-page,1,99,32.2229
jpa-offset,1,99,1.5791
blaze-offset,1,99,1.3829
spring-data-keyset,1,99,1.3317
hibernate-keyset,1,99,1.3013
blaze-offset,10,0,1.9221
spring-data-keyset,10,0,2.2382
hibernate-keyset,10,0,2.5302
hql-row-value-keyset,10,0,1.1745
blaze-keyset,10,0,1.6148
blaze-keyset-with-count,10,0,26.7298
spring-data-page,10,0,32.1124
jpa-offset,10,0,1.4289
spring-data-keyset,10,1,2.3242
hibernate-keyset,10,1,2.5279
hql-row-value-keyset,10,1,1.3352
blaze-keyset,10,1,1.7837
blaze-keyset-with-count,10,1,27.4215
spring-data-page,10,1,32.3275
jpa-offset,10,1,2.0512
blaze-offset,10,1,1.4868
hibernate-keyset,10,2,1.8801
hql-row-value-keyset,10,2,1.0025
blaze-keyset,10,2,1.6539
blaze-keyset-with-count,10,2,26.8356
spring-data-page,10,2,31.6269
jpa-offset,10,2,1.9874
blaze-offset,10,2,1.6214
spring-data-keyset,10,2,1.7566
hql-row-value-keyset,10,3,1.1148
blaze-keyset,10,3,1.6798
blaze-keyset-with-count,10,3,27.4471
spring-data-page,10,3,32.1403
jpa-offset,10,3,1.5210
blaze-offset,10,3,2.9147
spring-data-keyset,10,3,2.1003
hibernate-keyset,10,3,2.3946
blaze-keyset,10,4,2.2747
blaze-keyset-with-count,10,4,28.5122
spring-data-page,10,4,35.3959
jpa-offset,10,4,1.4238
blaze-offset,10,4,1.3971
spring-data-keyset,10,4,2.7532
hibernate-keyset,10,4,2.5221
hql-row-value-keyset,10,4,1.2247
blaze-keyset-with-count,10,5,28.2868
spring-data-page,10,5,33.4036
jpa-offset,10,5,2.1256
blaze-offset,10,5,2.0009
spring-data-keyset,10,5,2.1398
hibernate-keyset,10,5,2.0151
hql-row-value-keyset,10,5,1.1597
blaze-keyset,10,5,2.1172
spring-data-page,10,6,32.5431
jpa-offset,10,6,1.9325
blaze-offset,10,6,1.9934
spring-data-keyset,10,6,2.3619
hibernate-keyset,10,6,2.5525
hql-row-value-keyset,10,6,1.7211
blaze-keyset,10,6,2.1635
blaze-keyset-with-count,10,6,27.9667
jpa-offset,10,7,3.0731
blaze-offset,10,7,3.3218
spring-data-keyset,10,7,3.5342
hibernate-keyset,10,7,3.9634
hql-row-value-keyset,10,7,2.6599
blaze-keyset,10,7,3.5358
blaze-keyset-with-count,10,7,38.0459
spring-data-page,10,7,39.2193
blaze-offset,10,8,2.5427
spring-data-keyset,10,8,3.2889
hibernate-keyset,10,8,3.2023
hql-row-value-keyset,10,8,2.3122
blaze-keyset,10,8,3.7013
blaze-keyset-with-count,10,8,36.6472
spring-data-page,10,8,38.4106
jpa-offset,10,8,1.9052
spring-data-keyset,10,9,2.0977
hibernate-keyset,10,9,2.4227
hql-row-value-keyset,10,9,1.4566
blaze-keyset,10,9,2.3248
blaze-keyset-with-count,10,9,31.6557
spring-data-page,10,9,36.0382
jpa-offset,10,9,1.7135
blaze-offset,10,9,2.1638
hibernate-keyset,10,10,2.3216
hql-row-value-keyset,10,10,1.2172
blaze-keyset,10,10,1.7655
blaze-keyset-with-count,10,10,31.9027
spring-data-page,10,10,36.3958
jpa-offset,10,10,1.7204
blaze-offset,10,10,1.8411
spring-data-keyset,10,10,1.7820
hql-row-value-keyset,10,11,1.3474
blaze-keyset,10,11,2.5805
blaze-keyset-with-count,10,11,28.6518
spring-data-page,10,11,33.9409
jpa-offset,10,11,1.7473
blaze-offset,10,11,1.8768
spring-data-keyset,10,11,1.9842
hibernate-keyset,10,11,1.8765
blaze-keyset,10,12,1.9564
blaze-keyset-with-count,10,12,28.4823
spring-data-page,10,12,33.1295
jpa-offset,10,12,1.7237
blaze-offset,10,12,1.6548
spring-data-keyset,10,12,1.5713
hibernate-keyset,10,12,1.8805
hql-row-value-keyset,10,12,1.3638
blaze-keyset-with-count,10,13,28.0046
spring-data-page,10,13,37.7709
jpa-offset,10,13,2.0453
blaze-offset,10,13,1.8862
spring-data-keyset,10,13,1.9981
hibernate-keyset,10,13,2.6744
hql-row-value-keyset,10,13,1.9411
blaze-keyset,10,13,2.0498
spring-data-page,10,14,32.9496
jpa-offset,10,14,1.9419
blaze-offset,10,14,1.7473
spring-data-keyset,10,14,1.8532
hibernate-keyset,10,14,1.9855
hql-row-value-keyset,10,14,1.1830
blaze-keyset,10,14,1.8455
blaze-keyset-with-count,10,14,28.2750
jpa-offset,10,15,1.9657
blaze-offset,10,15,1.6194
spring-data-keyset,10,15,1.7965
hibernate-keyset,10,15,2.2815
hql-row-value-keyset,10,15,1.2919
blaze-keyset,10,15,1.7790
blaze-keyset-with-count,10,15,27.0507
spring-data-page,10,15,32.9307
blaze-offset,10,16,1.9088
spring-data-keyset,10,16,2.3852
hibernate-keyset,10,16,2.0819
hql-row-value-keyset,10,16,1.0168
blaze-keyset,10,16,1.4905
blaze-keyset-with-count,10,16,26.9244
spring-data-page,10,16,32.1677
jpa-offset,10,16,2.0780
spring-data-keyset,10,17,1.9622
hibernate-keyset,10,17,2.1548
hql-row-value-keyset,10,17,1.1187
blaze-keyset,10,17,1.6834
blaze-keyset-with-count,10,17,27.6851
spring-data-page,10,17,31.9719
jpa-offset,10,17,1.4777
blaze-offset,10,17,1.4720
hibernate-keyset,10,18,1.7839
hql-row-value-keyset,10,18,0.9661
blaze-keyset,10,18,1.5942
blaze-keyset-with-count,10,18,27.3026
spring-data-page,10,18,32.9634
jpa-offset,10,18,1.4869
blaze-offset,10,18,1.5295
spring-data-keyset,10,18,1.6467
hql-row-value-keyset,10,19,1.0945
blaze-keyset,10,19,2.2270
blaze-keyset-with-count,10,19,28.3974
spring-data-page,10,19,37.0732
jpa-offset,10,19,1.7888
blaze-offset,10,19,1.7126
spring-data-keyset,10,19,1.8210
hibernate-keyset,10,19,1.8584
blaze-keyset,10,20,2.0979
blaze-keyset-with-count,10,20,29.9923
spring-data-page,10,20,34.0228
jpa-offset,10,20,2.6209
blaze-offset,10,20,2.0393
spring-data-keyset,10,20,2.4356
hibernate-keyset,10,20,2.4869
hql-row-value-keyset,10,20,1.7608
blaze-keyset-with-count,10,21,28.9439
spring-data-page,10,21,32.9181
jpa-offset,10,21,1.6360
blaze-offset,10,21,1.5430
spring-data-keyset,10,21,1.8608
hibernate-keyset,10,21,2.2555
hql-row-value-keyset,10,21,1.2096
blaze-keyset,10,21,1.7808
spring-data-page,10,22,32.0751
jpa-offset,10,22,1.5795
blaze-offset,10,22,1.9383
spring-data-keyset,10,22,1.8576
hibernate-keyset,10,22,1.8693
hql-row-value-keyset,10,22,1.0727
blaze-keyset,10,22,1.7418
blaze-keyset-with-count,10,22,27.2091
jpa-offset,10,23,1.4923
blaze-offset,10,23,1.6807
spring-data-keyset,10,23,1.4831
hibernate-keyset,10,23,1.9603
hql-row-value-keyset,10,23,1.2668
blaze-keyset,10,23,1.6365
blaze-keyset-with-count,10,23,27.4445
spring-data-page,10,23,32.1791
blaze-offset,10,24,1.8466
spring-data-keyset,10,24,1.7426
hibernate-keyset,10,24,1.8357
hql-row-value-keyset,10,24,1.3193
blaze-keyset,10,24,2.0989
blaze-keyset-with-count,10,24,27.5030
spring-data-page,10,24,31.9615
jpa-offset,10,24,1.3980
spring-data-keyset,10,25,1.6454
hibernate-keyset,10,25,1.9096
hql-row-value-keyset,10,25,0.9723
blaze-keyset,10,25,1.4800
blaze-keyset-with-count,10,25,26.8174
spring-data-page,10,25,31.3546
jpa-offset,10,25,1.4824
blaze-offset,10,25,1.4023
hibernate-keyset,10,26,1.7558
hql-row-value-keyset,10,26,1.1848
blaze-keyset,10,26,1.9476
blaze-keyset-with-count,10,26,28.7405
spring-data-page,10,26,32.1342
jpa-offset,10,26,1.4726
blaze-offset,10,26,1.4498
spring-data-keyset,10,26,1.6220
hql-row-value-keyset,10,27,1.2397
blaze-keyset,10,27,1.7604
blaze-keyset-with-count,10,27,27.9187
spring-data-page,10,27,33.1752
jpa-offset,10,27,1.8310
blaze-offset,10,27,1.4715
spring-data-keyset,10,27,1.3918
hibernate-keyset,10,27,1.6676
blaze-keyset,10,28,2.0457
blaze-keyset-with-count,10,28,28.2608
spring-data-page,10,28,34.0520
jpa-offset,10,28,2.1908
blaze-offset,10,28,2.4620
spring-data-keyset,10,28,2.5770
hibernate-keyset,10,28,2.2146
hql-row-value-keyset,10,28,1.3214
blaze-keyset-with-count,10,29,27.6766
spring-data-page,10,29,32.6331
jpa-offset,10,29,1.7522
blaze-offset,10,29,1.6750
spring-data-keyset,10,29,1.8790
hibernate-keyset,10,29,2.3799
hql-row-value-keyset,10,29,1.2600
blaze-keyset,10,29,1.6518
spring-data-page,10,30,32.2540
jpa-offset,10,30,1.6121
blaze-offset,10,30,1.8603
spring-data-keyset,10,30,1.9865
hibernate-keyset,10,30,2.6600
hql-row-value-keyset,10,30,1.4515
blaze-keyset,10,30,1.8558
blaze-keyset-with-count,10,30,28.6223
jpa-offset,10,31,1.8152
blaze-offset,10,31,1.5346
spring-data-keyset,10,31,1.8147
hibernate-keyset,10,31,2.2030
hql-row-value-keyset,10,31,1.1373
blaze-keyset,10,31,1.7321
blaze-keyset-with-count,10,31,28.6661
spring-data-page,10,31,32.7265
blaze-offset,10,32,1.7912
spring-data-keyset,10,32,1.8429
hibernate-keyset,10,32,1.8057
hql-row-value-keyset,10,32,1.0326
blaze-keyset,10,32,1.3974
blaze-keyset-with-count,10,32,27.8458
spring-data-page,10,32,33.1050
jpa-offset,10,32,1.8602
spring-data-keyset,10,33,2.1836
hibernate-keyset,10,33,2.4537
hql-row-value-keyset,10,33,1.2288
blaze-keyset,10,33,2.2709
blaze-keyset-with-count,10,33,28.1081
spring-data-page,10,33,32.9210
jpa-offset,10,33,1.8003
blaze-offset,10,33,1.8379
hibernate-keyset,10,34,3.6383
hql-row-value-keyset,10,34,1.4863
blaze-keyset,10,34,2.2111
blaze-keyset-with-count,10,34,28.1618
spring-data-page,10,34,34.0197
jpa-offset,10,34,1.9733
blaze-offset,10,34,2.0002
spring-data-keyset,10,34,1.9157
hql-row-value-keyset,10,35,1.2518
blaze-keyset,10,35,1.8287
blaze-keyset-with-count,10,35,35.9841
spring-data-page,10,35,35.5517
jpa-offset,10,35,2.6397
blaze-offset,10,35,1.9308
spring-data-keyset,10,35,2.0140
hibernate-keyset,10,35,2.3462
blaze-keyset,10,36,2.3572
blaze-keyset-with-count,10,36,32.1499
spring-data-page,10,36,36.3757
jpa-offset,10,36,1.8132
blaze-offset,10,36,2.3708
spring-data-keyset,10,36,2.9260
hibernate-keyset,10,36,2.5776
hql-row-value-keyset,10,36,1.5064
blaze-keyset-with-count,10,37,31.7084
spring-data-page,10,37,36.1945
jpa-offset,10,37,1.8561
blaze-offset,10,37,2.0439
spring-data-keyset,10,37,3.5657
hibernate-keyset,10,37,3.4693
hql-row-value-keyset,10,37,1.7878
blaze-keyset,10,37,2.3146
spring-data-page,10,38,37.5458
jpa-offset,10,38,2.0517
blaze-offset,10,38,1.9704
spring-data-keyset,10,38,3.1159
hibernate-keyset,10,38,2.8262
hql-row-value-keyset,10,38,1.8140
blaze-keyset,10,38,2.3092
blaze-keyset-with-count,10,38,34.5648
jpa-offset,10,39,2.1692
blaze-offset,10,39,2.2892
spring-data-keyset,10,39,3.9268
hibernate-keyset,10,39,3.9820
hql-row-value-keyset,10,39,2.1587
blaze-keyset,10,39,2.6241
blaze-keyset-with-count,10,39,31.8580
spring-data-page,10,39,36.3316
blaze-offset,10,40,2.0940
spring-data-keyset,10,40,2.6112
hibernate-keyset,10,40,3.1658
hql-row-value-keyset,10,40,1.4542
blaze-keyset,10,40,2.0571
blaze-keyset-with-count,10,40,34.9541
spring-data-page,10,40,37.8311
jpa-offset,10,40,2.1362
spring-data-keyset,10,41,3.3215
hibernate-keyset,10,41,3.4478
hql-row-value-keyset,10,41,1.6298
blaze-keyset,10,41,1.9171
blaze-keyset-with-count,10,41,32.0264
spring-data-page,10,41,35.5469
jpa-offset,10,41,2.2453
blaze-offset,10,41,1.8065
hibernate-keyset,10,42,1.8575
hql-row-value-keyset,10,42,1.0483
blaze-keyset,10,42,2.1140
blaze-keyset-with-count,10,42,28.7616
spring-data-page,10,42,35.4436
jpa-offset,10,42,2.3772
blaze-offset,10,42,1.6475
spring-data-keyset,10,42,1.6851
hql-row-value-keyset,10,43,1.3530
blaze-keyset,10,43,1.6392
blaze-keyset-with-count,10,43,27.4290
spring-data-page,10,43,32.8021
jpa-offset,10,43,1.5211
blaze-offset,10,43,1.4512
spring-data-keyset,10,43,1.5050
hibernate-keyset,10,43,1.6794
blaze-keyset,10,44,1.6358
blaze-keyset-with-count,10,44,27.8905
spring-data-page,10,44,32.7202
jpa-offset,10,44,1.7499
blaze-offset,10,44,1.5285
spring-data-keyset,10,44,1.5786
hibernate-keyset,10,44,1.7308
hql-row-value-keyset,10,44,1.0231
blaze-keyset-with-count,10,45,27.9380
spring-data-page,10,45,31.6047
jpa-offset,10,45,1.4687
blaze-offset,10,45,1.5581
spring-data-keyset,10,45,1.7813
hibernate-keyset,10,45,1.8258
hql-row-value-keyset,10,45,1.0744
blaze-keyset,10,45,2.0390
spring-data-page,10,46,32.8490
jpa-offset,10,46,1.4916
blaze-offset,10,46,1.3787
spring-data-keyset,10,46,2.1676
hibernate-keyset,10,46,2.0731
hql-row-value-keyset,10,46,1.1680
blaze-keyset,10,46,1.5279
blaze-keyset-with-count,10,46,28.2454
jpa-offset,10,47,1.8197
blaze-offset,10,47,1.5166
spring-data-keyset,10,47,1.7665
hibernate-keyset,10,47,2.2844
hql-row-value-keyset,10,47,1.3109
blaze-keyset,10,47,1.7793
blaze-keyset-with-count,10,47,28.1100
spring-data-page,10,47,33.1996
blaze-offset,10,48,1.8677
spring-data-keyset,10,48,1.6967
hibernate-keyset,10,48,1.7302
hql-row-value-keyset,10,48,1.1098
blaze-keyset,10,48,1.5427
blaze-keyset-with-count,10,48,26.8578
spring-data-page,10,48,32.0896
jpa-offset,10,48,1.4413
spring-data-keyset,10,49,1.8334
hibernate-keyset,10,49,1.7171
hql-row-value-keyset,10,49,1.0546
blaze-keyset,10,49,2.0760
blaze-keyset-with-count,10,49,27.4925
spring-data-page,10,49,33.2966
jpa-offset,10,49,1.7597
blaze-offset,10,49,1.6607
hibernate-keyset,10,50,2.0797
hql-row-value-keyset,10,50,1.2352
blaze-keyset,10,50,2.0861
blaze-keyset-with-count,10,50,27.5423
spring-data-page,10,50,32.4316
jpa-offset,10,50,1.4604
blaze-offset,10,50,1.5799
spring-data-keyset,10,50,1.5637
hql-row-value-keyset,10,51,1.7459
blaze-keyset,10,51,2.3822
blaze-keyset-with-count,10,51,27.3628
spring-data-page,10,51,31.2351
jpa-offset,10,51,1.8962
blaze-offset,10,51,1.5774
spring-data-keyset,10,51,1.8696
hibernate-keyset,10,51,2.4350
blaze-keyset,10,52,1.5915
blaze-keyset-with-count,10,52,26.9642
spring-data-page,10,52,33.0135
jpa-offset,10,52,1.7049
blaze-offset,10,52,2.6576
spring-data-keyset,10,52,2.0205
hibernate-keyset,10,52,2.4909
hql-row-value-keyset,10,52,1.4335
blaze-keyset-with-count,10,53,28.5960
spring-data-page,10,53,33.8379
jpa-offset,10,53,1.8776
blaze-offset,10,53,1.8890
spring-data-keyset,10,53,1.9013
hibernate-keyset,10,53,2.1414
hql-row-value-keyset,10,53,1.7584
blaze-keyset,10,53,2.4579
spring-data-page,10,54,36.7491
jpa-offset,10,54,2.1025
blaze-offset,10,54,1.9092
spring-data-keyset,10,54,2.2291
hibernate-keyset,10,54,2.4155
hql-row-value-keyset,10,54,1.5896
blaze-keyset,10,54,2.1077
blaze-keyset-with-count,10,54,30.9330
jpa-offset,10,55,1.6538
blaze-offset,10,55,1.9445
spring-data-keyset,10,55,2.6638
hibernate-keyset,10,55,2.4426
hql-row-value-keyset,10,55,1.4502
blaze-keyset,10,55,2.0840
blaze-keyset-with-count,10,55,30.0907
spring-data-page,10,55,34.9625
blaze-offset,10,56,2.2320
spring-data-keyset,10,56,2.1271
hibernate-keyset,10,56,2.1781
hql-row-value-keyset,10,56,1.2729
blaze-keyset,10,56,1.8029
blaze-keyset-with-count,10,56,28.6206
spring-data-page,10,56,34.4256
jpa-offset,10,56,1.4901
spring-data-keyset,10,57,2.1144
hibernate-keyset,10,57,2.8427
hql-row-value-keyset,10,57,1.1316
blaze-keyset,10,57,1.6526
blaze-keyset-with-count,10,57,28.5064
spring-data-page,10,57,32.6663
jpa-offset,10,57,2.0966
blaze-offset,10,57,1.8398
hibernate-keyset,10,58,1.8561
hql-row-value-keyset,10,58,0.9987
blaze-keyset,10,58,1.5576
blaze-keyset-with-count,10,58,26.8131
spring-data-page,10,58,31.4483
jpa-offset,10,58,1.9961
blaze-offset,10,58,1.5123
spring-data-keyset,10,58,1.5892
hql-row-value-keyset,10,59,1.2178
blaze-keyset,10,59,1.5425
blaze-keyset-with-count,10,59,26.6259
spring-data-page,10,59,31.3716
jpa-offset,10,59,1.8557
blaze-offset,10,59,1.6010
spring-data-keyset,10,59,1.8102
hibernate-keyset,10,59,1.7815
blaze-keyset,10,60,1.8481
blaze-keyset-with-count,10,60,28.3663
spring-data-page,10,60,32.4941
jpa-offset,10,60,1.8006
blaze-offset,10,60,1.4385
spring-data-keyset,10,60,1.4665
hibernate-keyset,10,60,1.8770
hql-row-value-keyset,10,60,1.3208
blaze-keyset-with-count,10,61,28.9240
spring-data-page,10,61,34.5209
jpa-offset,10,61,1.5655
blaze-offset,10,61,1.4410
spring-data-keyset,10,61,1.4326
hibernate-keyset,10,61,1.6083
hql-row-value-keyset,10,61,0.9563
blaze-keyset,10,61,1.5923
spring-data-page,10,62,31.8242
jpa-offset,10,62,1.4161
blaze-offset,10,62,1.9758
spring-data-keyset,10,62,1.9871
hibernate-keyset,10,62,1.8684
hql-row-value-keyset,10,62,1.0694
blaze-keyset,10,62,1.5410
blaze-keyset-with-count,10,62,26.8197
jpa-offset,10,63,1.9039
blaze-offset,10,63,1.5503
spring-data-keyset,10,63,1.6653
hibernate-keyset,10,63,1.7846
hql-row-value-keyset,10,63,1.1211
blaze-keyset,10,63,1.5433
blaze-keyset-with-count,10,63,28.0061
spring-data-page,10,63,31.8560
blaze-offset,10,64,1.7075
spring-data-keyset,10,64,1.6223
hibernate-keyset,10,64,1.7895
hql-row-value-keyset,10,64,0.9680
blaze-keyset,10,64,1.9337
blaze-keyset-with-count,10,64,28.0684
spring-data-page,10,64,32.4264
jpa-offset,10,64,1.7888
spring-data-keyset,10,65,1.8869
hibernate-keyset,10,65,1.9155
hql-row-value-keyset,10,65,1.0868
blaze-keyset,10,65,1.6576
blaze-keyset-with-count,10,65,27.7912
spring-data-page,10,65,32.1873
jpa-offset,10,65,1.7091
blaze-offset,10,65,1.3477
hibernate-keyset,10,66,1.9113
hql-row-value-keyset,10,66,1.1213
blaze-keyset,10,66,1.4945
blaze-keyset-with-count,10,66,27.3848
spring-data-page,10,66,32.4692
jpa-offset,10,66,1.5252
blaze-offset,10,66,1.5991
spring-data-keyset,10,66,1.5183
hql-row-value-keyset,10,67,1.1589
blaze-keyset,10,67,1.6558
blaze-keyset-with-count,10,67,27.4111
spring-data-page,10,67,32.3516
jpa-offset,10,67,1.7632
blaze-offset,10,67,1.4772
spring-data-keyset,10,67,1.4993
hibernate-keyset,10,67,1.7745
blaze-keyset,10,68,1.7867
blaze-keyset-with-count,10,68,28.7954
spring-data-page,10,68,31.9841
jpa-offset,10,68,1.9837
blaze-offset,10,68,1.9371
spring-data-keyset,10,68,1.8730
hibernate-keyset,10,68,2.6248
hql-row-value-keyset,10,68,1.4525
blaze-keyset-with-count,10,69,27.5679
spring-data-page,10,69,36.0495
jpa-offset,10,69,1.9763
blaze-offset,10,69,1.6222
spring-data-keyset,10,69,1.4333
hibernate-keyset,10,69,1.6736
hql-row-value-keyset,10,69,1.2199
blaze-keyset,10,69,1.6282
spring-data-page,10,70,31.0420
jpa-offset,10,70,1.5837
blaze-offset,10,70,1.4502
spring-data-keyset,10,70,1.4245
hibernate-keyset,10,70,1.6941
hql-row-value-keyset,10,70,1.1094
blaze-keyset,10,70,2.2362
blaze-keyset-with-count,10,70,26.9177
jpa-offset,10,71,1.4045
blaze-offset,10,71,1.4010
spring-data-keyset,10,71,1.6458
hibernate-keyset,10,71,3.6625
hql-row-value-keyset,10,71,1.7311
blaze-keyset,10,71,1.9295
blaze-keyset-with-count,10,71,27.5682
spring-data-page,10,71,32.4008
blaze-offset,10,72,2.1122
spring-data-keyset,10,72,1.7344
hibernate-keyset,10,72,1.8938
hql-row-value-keyset,10,72,1.0591
blaze-keyset,10,72,1.6369
blaze-keyset-with-count,10,72,28.4768
spring-data-page,10,72,32.5499
jpa-offset,10,72,1.6727
spring-data-keyset,10,73,1.8489
hibernate-keyset,10,73,2.0284
hql-row-value-keyset,10,73,1.1242
blaze-keyset,10,73,1.6505
blaze-keyset-with-count,10,73,28.7041
spring-data-page,10,73,35.2585
jpa-offset,10,73,2.1813
blaze-offset,10,73,1.7068
hibernate-keyset,10,74,2.0290
hql-row-value-keyset,10,74,1.1913
blaze-keyset,10,74,2.4675
blaze-keyset-with-count,10,74,27.2334
spring-data-page,10,74,34.0780
jpa-offset,10,74,1.5968
blaze-offset,10,74,1.5910
spring-data-keyset,10,74,2.0264
hql-row-value-keyset,10,75,1.3077
blaze-keyset,10,75,1.7438
blaze-keyset-with-count,10,75,27.9575
spring-data-page,10,75,35.9434
jpa-offset,10,75,1.7844
blaze-offset,10,75,1.7395
spring-data-keyset,10,75,1.8397
hibernate-keyset,10,75,2.1755
blaze-keyset,10,76,2.0542
blaze-keyset-with-count,10,76,28.1364
spring-data-page,10,76,32.1164
jpa-offset,10,76,1.3955
blaze-offset,10,76,1.7352
spring-data-keyset,10,76,1.5978
hibernate-keyset,10,76,2.0888
hql-row-value-keyset,10,76,1.0917
blaze-keyset-with-count,10,77,27.8637
spring-data-page,10,77,31.7906
jpa-offset,10,77,1.4253
blaze-offset,10,77,1.6930
spring-data-keyset,10,77,1.4722
hibernate-keyset,10,77,1.6528
hql-row-value-keyset,10,77,1.0325
blaze-keyset,10,77,1.7593
spring-data-page,10,78,32.1727
jpa-offset,10,78,1.5905
blaze-offset,10,78,2.0651
spring-data-keyset,10,78,2.1915
hibernate-keyset,10,78,1.8520
hql-row-value-keyset,10,78,1.0272
blaze-keyset,10,78,1.6052
blaze-keyset-with-count,10,78,26.9565
jpa-offset,10,79,1.3972
blaze-offset,10,79,1.3329
spring-data-keyset,10,79,1.6027
hibernate-keyset,10,79,1.9146
hql-row-value-keyset,10,79,1.4991
blaze-keyset,10,79,1.8375
blaze-keyset-with-count,10,79,27.7295
spring-data-page,10,79,31.9248
blaze-offset,10,80,1.7303
spring-data-keyset,10,80,1.6519
hibernate-keyset,10,80,1.6062
hql-row-value-keyset,10,80,0.9966
blaze-keyset,10,80,1.6121
blaze-keyset-with-count,10,80,27.0310
spring-data-page,10,80,32.3530
jpa-offset,10,80,1.3986
spring-data-keyset,10,81,1.6347
hibernate-keyset,10,81,1.7961
hql-row-value-keyset,10,81,0.9655
blaze-keyset,10,81,1.5752
blaze-keyset-with-count,10,81,27.1550
spring-data-page,10,81,31.6198
jpa-offset,10,81,1.4422
blaze-offset,10,81,1.3196
hibernate-keyset,10,82,1.7140
hql-row-value-keyset,10,82,1.2597
blaze-keyset,10,82,1.6260
blaze-keyset-with-count,10,82,27.5811
spring-data-page,10,82,32.8229
jpa-offset,10,82,1.7941
blaze-offset,10,82,1.5315
spring-data-keyset,10,82,1.5003
hql-row-value-keyset,10,83,1.0141
blaze-keyset,10,83,1.7045
blaze-keyset-with-count,10,83,27.4437
spring-data-page,10,83,32.5884
jpa-offset,10,83,1.4977
blaze-offset,10,83,1.5722
spring-data-keyset,10,83,1.4496
hibernate-keyset,10,83,1.6582
blaze-keyset,10,84,1.7174
blaze-keyset-with-count,10,84,27.6774
spring-data-page,10,84,31.6990
jpa-offset,10,84,1.7651
blaze-offset,10,84,1.5201
spring-data-keyset,10,84,1.4649
hibernate-keyset,10,84,1.6288
hql-row-value-keyset,10,84,0.9110
blaze-keyset-with-count,10,85,26.8405
spring-data-page,10,85,31.7523
jpa-offset,10,85,1.7333
blaze-offset,10,85,1.4027
spring-data-keyset,10,85,1.4359
hibernate-keyset,10,85,1.6862
hql-row-value-keyset,10,85,1.1313
blaze-keyset,10,85,1.5284
spring-data-page,10,86,31.1873
jpa-offset,10,86,1.5019
blaze-offset,10,86,1.3419
spring-data-keyset,10,86,2.4332
hibernate-keyset,10,86,2.7519
hql-row-value-keyset,10,86,1.3302
blaze-keyset,10,86,1.7936
blaze-keyset-with-count,10,86,29.3914
jpa-offset,10,87,1.5171
blaze-offset,10,87,1.5031
spring-data-keyset,10,87,1.7183
hibernate-keyset,10,87,1.7096
hql-row-value-keyset,10,87,1.0859
blaze-keyset,10,87,1.5936
blaze-keyset-with-count,10,87,28.1525
spring-data-page,10,87,32.0861
blaze-offset,10,88,1.6745
spring-data-keyset,10,88,1.8548
hibernate-keyset,10,88,1.9087
hql-row-value-keyset,10,88,1.1420
blaze-keyset,10,88,1.7061
blaze-keyset-with-count,10,88,27.6504
spring-data-page,10,88,32.4403
jpa-offset,10,88,1.4481
spring-data-keyset,10,89,1.9282
hibernate-keyset,10,89,1.9197
hql-row-value-keyset,10,89,1.0308
blaze-keyset,10,89,1.5531
blaze-keyset-with-count,10,89,27.5977
spring-data-page,10,89,31.5197
jpa-offset,10,89,1.4489
blaze-offset,10,89,1.3544
hibernate-keyset,10,90,1.7704
hql-row-value-keyset,10,90,1.4488
blaze-keyset,10,90,2.0841
blaze-keyset-with-count,10,90,27.8147
spring-data-page,10,90,32.2798
jpa-offset,10,90,1.5260
blaze-offset,10,90,1.5545
spring-data-keyset,10,90,1.5272
hql-row-value-keyset,10,91,1.1720
blaze-keyset,10,91,2.0563
blaze-keyset-with-count,10,91,27.6402
spring-data-page,10,91,31.5923
jpa-offset,10,91,1.3980
blaze-offset,10,91,1.4718
spring-data-keyset,10,91,1.5026
hibernate-keyset,10,91,1.5991
blaze-keyset,10,92,1.6357
blaze-keyset-with-count,10,92,27.4857
spring-data-page,10,92,31.5382
jpa-offset,10,92,1.3122
blaze-offset,10,92,1.3648
spring-data-keyset,10,92,1.4729
hibernate-keyset,10,92,1.7921
hql-row-value-keyset,10,92,1.6174
blaze-keyset-with-count,10,93,27.8364
spring-data-page,10,93,32.2503
jpa-offset,10,93,1.4871
blaze-offset,10,93,1.3638
spring-data-keyset,10,93,1.3880
hibernate-keyset,10,93,2.0748
hql-row-value-keyset,10,93,1.2666
blaze-keyset,10,93,1.6706
spring-data-page,10,94,31.6093
jpa-offset,10,94,1.6145
blaze-offset,10,94,1.6753
spring-data-keyset,10,94,1.5385
hibernate-keyset,10,94,1.7001
hql-row-value-keyset,10,94,1.0794
blaze-keyset,10,94,1.4197
blaze-keyset-with-count,10,94,27.5956
jpa-offset,10,95,1.6965
blaze-offset,10,95,1.5569
spring-data-keyset,10,95,1.4277
hibernate-keyset,10,95,1.6590
hql-row-value-keyset,10,95,1.0014
blaze-keyset,10,95,1.7356
blaze-keyset-with-count,10,95,28.7983
spring-data-page,10,95,34.4825
blaze-offset,10,96,2.2131
spring-data-keyset,10,96,2.3114
hibernate-keyset,10,96,3.5561
hql-row-value-keyset,10,96,1.8222
blaze-keyset,10,96,2.3716
blaze-keyset-with-count,10,96,28.6298
spring-data-page,10,96,35.0694
jpa-offset,10,96,2.2305
spring-data-keyset,10,97,1.9834
hibernate-keyset,10,97,2.0436
hql-row-value-keyset,10,97,1.1404
blaze-keyset,10,97,1.7194
blaze-keyset-with-count,10,97,28.7693
spring-data-page,10,97,32.9066
jpa-offset,10,97,1.5772
blaze-offset,10,97,1.4265
hibernate-keyset,10,98,2.0288
hql-row-value-keyset,10,98,1.1051
blaze-keyset,10,98,1.6292
blaze-keyset-with-count,10,98,27.3489
spring-data-page,10,98,32.2975
jpa-offset,10,98,1.4670
blaze-offset,10,98,1.3241
spring-data-keyset,10,98,1.3950
hql-row-value-keyset,10,99,0.9802
blaze-keyset,10,99,1.6746
blaze-keyset-with-count,10,99,27.9322
spring-data-page,10,99,33.0033
jpa-offset,10,99,1.5586
blaze-offset,10,99,1.6387
spring-data-keyset,10,99,1.5523
hibernate-keyset,10,99,1.7565
blaze-offset,100,0,3.6060
spring-data-keyset,100,0,2.9680
hibernate-keyset,100,0,2.7384
hql-row-value-keyset,100,0,1.0066
blaze-keyset,100,0,1.6344
blaze-keyset-with-count,100,0,27.8620
spring-data-page,100,0,34.2458
jpa-offset,100,0,3.6478
spring-data-keyset,100,1,4.0446
hibernate-keyset,100,1,3.7751
hql-row-value-keyset,100,1,1.2153
blaze-keyset,100,1,1.5590
blaze-keyset-with-count,100,1,27.5302
spring-data-page,100,1,33.7375
jpa-offset,100,1,3.5834
blaze-offset,100,1,3.0897
hibernate-keyset,100,2,2.7101
hql-row-value-keyset,100,2,0.9952
blaze-keyset,100,2,1.4899
blaze-keyset-with-count,100,2,27.2247
spring-data-page,100,2,33.6204
jpa-offset,100,2,3.4509
blaze-offset,100,2,2.8650
spring-data-keyset,100,2,3.9338
hql-row-value-keyset,100,3,1.2406
blaze-keyset,100,3,1.7299
blaze-keyset-with-count,100,3,26.9194
spring-data-page,100,3,33.9506
jpa-offset,100,3,3.2461
blaze-offset,100,3,2.8643
spring-data-keyset,100,3,2.3807
hibernate-keyset,100,3,2.8788
blaze-keyset,100,4,1.8653
blaze-keyset-with-count,100,4,26.8890
spring-data-page,100,4,32.7906
jpa-offset,100,4,3.1777
blaze-offset,100,4,2.6699
spring-data-keyset,100,4,2.6218
hibernate-keyset,100,4,3.1305
hql-row-value-keyset,100,4,1.2509
blaze-keyset-with-count,100,5,26.7100
spring-data-page,100,5,33.7773
jpa-offset,100,5,3.6852
blaze-offset,100,5,3.3629
spring-data-keyset,100,5,2.9918
hibernate-keyset,100,5,2.9930
hql-row-value-keyset,100,5,1.0583
blaze-keyset,100,5,1.5074
spring-data-page,100,6,34.2201
jpa-offset,100,6,3.3732
blaze-offset,100,6,3.5574
spring-data-keyset,100,6,3.2851
hibernate-keyset,100,6,3.1633
hql-row-value-keyset,100,6,1.4784
blaze-keyset,100,6,1.6552
blaze-keyset-with-count,100,6,26.3733
jpa-offset,100,7,3.3915
blaze-offset,100,7,2.9811
spring-data-keyset,100,7,3.2681
hibernate-keyset,100,7,4.0728
hql-row-value-keyset,100,7,1.5009
blaze-keyset,100,7,1.6655
blaze-keyset-with-count,100,7,28.4008
spring-data-page,100,7,34.0093
blaze-offset,100,8,3.8210
spring-data-keyset,100,8,3.5792
hibernate-keyset,100,8,3.6817
hql-row-value-keyset,100,8,1.1869
blaze-keyset,100,8,1.5189
blaze-keyset-with-count,100,8,26.7910
spring-data-page,100,8,33.3371
jpa-offset,100,8,3.1210
spring-data-keyset,100,9,3.0220
hibernate-keyset,100,9,3.9945
hql-row-value-keyset,100,9,1.2402
blaze-keyset,100,9,1.5787
blaze-keyset-with-count,100,9,26.2915
spring-data-page,100,9,33.3076
jpa-offset,100,9,3.5379
blaze-offset,100,9,3.3632
hibernate-keyset,100,10,3.4256
hql-row-value-keyset,100,10,1.2563
blaze-keyset,100,10,1.7397
blaze-keyset-with-count,100,10,27.2770
spring-data-page,100,10,35.8479
jpa-offset,100,10,3.1274
blaze-offset,100,10,2.8506
spring-data-keyset,100,10,2.7882
hql-row-value-keyset,100,11,1.7024
blaze-keyset,100,11,1.9130
blaze-keyset-with-count,100,11,27.1385
spring-data-page,100,11,34.2223
jpa-offset,100,11,3.8054
blaze-offset,100,11,3.1584
spring-data-keyset,100,11,2.5887
hibernate-keyset,100,11,2.7051
blaze-keyset,100,12,1.5900
blaze-keyset-with-count,100,12,26.8148
spring-data-page,100,12,33.9075
jpa-offset,100,12,3.5709
blaze-offset,100,12,3.3773
spring-data-keyset,100,12,3.6280
hibernate-keyset,100,12,4.2044
hql-row-value-keyset,100,12,1.2644
blaze-keyset-with-count,100,13,27.3926
spring-data-page,100,13,34.0978
jpa-offset,100,13,3.3440
blaze-offset,100,13,2.9574
spring-data-keyset,100,13,2.6109
hibernate-keyset,100,13,3.1985
hql-row-value-keyset,100,13,1.1272
blaze-keyset,100,13,1.7834
spring-data-page,100,14,34.3886
jpa-offset,100,14,3.7432
blaze-offset,100,14,2.9334
spring-data-keyset,100,14,2.6292
hibernate-keyset,100,14,2.9114
hql-row-value-keyset,100,14,1.1944
blaze-keyset,100,14,1.4503
blaze-keyset-with-count,100,14,27.0698
jpa-offset,100,15,3.3560
blaze-offset,100,15,3.0308
spring-data-keyset,100,15,3.8090
hibernate-keyset,100,15,3.3732
hql-row-value-keyset,100,15,1.3269
blaze-keyset,100,15,1.8945
blaze-keyset-with-count,100,15,26.9148
spring-data-page,100,15,34.0621
blaze-offset,100,16,3.7280
spring-data-keyset,100,16,2.9942
hibernate-keyset,100,16,2.9098
hql-row-value-keyset,100,16,1.1062
blaze-keyset,100,16,1.7613
blaze-keyset-with-count,100,16,27.9446
spring-data-page,100,16,33.8804
jpa-offset,100,16,3.3893
spring-data-keyset,100,17,3.7884
hibernate-keyset,100,17,3.5280
hql-row-value-keyset,100,17,1.0829
blaze-keyset,100,17,1.6380
blaze-keyset-with-count,100,17,27.2240
spring-data-page,100,17,35.1879
jpa-offset,100,17,3.3680
blaze-offset,100,17,3.0100
hibernate-keyset,100,18,2.8905
hql-row-value-keyset,100,18,1.1178
blaze-keyset,100,18,1.5748
blaze-keyset-with-count,100,18,27.5818
spring-data-page,100,18,33.2355
jpa-offset,100,18,3.0992
blaze-offset,100,18,2.9482
spring-data-keyset,100,18,3.6875
hql-row-value-keyset,100,19,1.8952
blaze-keyset,100,19,1.8298
blaze-keyset-with-count,100,19,27.3650
spring-data-page,100,19,33.0278
jpa-offset,100,19,3.6646
blaze-offset,100,19,2.9466
spring-data-keyset,100,19,2.4106
hibernate-keyset,100,19,2.7183
blaze-keyset,100,20,1.6590
blaze-keyset-with-count,100,20,27.1818
spring-data-page,100,20,33.2202
jpa-offset,100,20,3.6251
blaze-offset,100,20,3.0818
spring-data-keyset,100,20,2.9827
hibernate-keyset,100,20,3.2433
hql-row-value-keyset,100,20,1.0334
blaze-keyset-with-count,100,21,27.2591
spring-data-page,100,21,33.9811
jpa-offset,100,21,3.7928
blaze-offset,100,21,3.3123
spring-data-keyset,100,21,2.5227
hibernate-keyset,100,21,2.7630
hql-row-value-keyset,100,21,1.0951
blaze-keyset,100,21,1.4317
spring-data-page,100,22,31.8708
jpa-offset,100,22,2.9443
blaze-offset,100,22,3.8741
spring-data-keyset,100,22,3.0399
hibernate-keyset,100,22,2.7003
hql-row-value-keyset,100,22,1.0465
blaze-keyset,100,22,1.5267
blaze-keyset-with-count,100,22,27.4117
jpa-offset,100,23,3.3230
blaze-offset,100,23,2.8657
spring-data-keyset,100,23,2.5435
hibernate-keyset,100,23,2.9907
hql-row-value-keyset,100,23,1.6784
blaze-keyset,100,23,2.0333
blaze-keyset-with-count,100,23,26.8322
spring-data-page,100,23,33.2754
blaze-offset,100,24,3.7830
spring-data-keyset,100,24,3.5279
hibernate-keyset,100,24,2.9942
hql-row-value-keyset,100,24,1.0264
blaze-keyset,100,24,1.5941
blaze-keyset-with-count,100,24,26.8047
spring-data-page,100,24,32.9611
jpa-offset,100,24,3.2563
spring-data-keyset,100,25,2.9601
hibernate-keyset,100,25,2.6918
hql-row-value-keyset,100,25,0.9783
blaze-keyset,100,25,1.7098
blaze-keyset-with-count,100,25,27.8761
spring-data-page,100,25,33.7693
jpa-offset,100,25,3.9177
blaze-offset,100,25,3.9358
hibernate-keyset,100,26,4.1709
hql-row-value-keyset,100,26,1.3631
blaze-keyset,100,26,1.8575
blaze-keyset-with-count,100,26,28.5820
spring-data-page,100,26,34.5641
jpa-offset,100,26,3.5802
blaze-offset,100,26,3.1601
spring-data-keyset,100,26,3.2615
hql-row-value-keyset,100,27,1.4266
blaze-keyset,100,27,1.9217
blaze-keyset-with-count,100,27,27.9539
spring-data-page,100,27,33.2917
jpa-offset,100,27,3.5638
blaze-offset,100,27,3.4071
spring-data-keyset,100,27,2.9470
hibernate-keyset,100,27,2.8616
blaze-keyset,100,28,1.5599
blaze-keyset-with-count,100,28,26.9477
spring-data-page,100,28,33.6821
jpa-offset,100,28,3.2758
blaze-offset,100,28,2.9759
spring-data-keyset,100,28,3.0327
hibernate-keyset,100,28,3.3568
hql-row-value-keyset,100,28,1.3058
blaze-keyset-with-count,100,29,27.5744
spring-data-page,100,29,33.4388
jpa-offset,100,29,3.6821
blaze-offset,100,29,3.3943
spring-data-keyset,100,29,3.1248
hibernate-keyset,100,29,3.0609
hql-row-value-keyset,100,29,1.1045
blaze-keyset,100,29,1.5038
spring-data-page,100,30,32.0370
jpa-offset,100,30,2.9970
blaze-offset,100,30,3.8353
spring-data-keyset,100,30,4.0922
hibernate-keyset,100,30,4.3309
hql-row-value-keyset,100,30,1.4714
blaze-keyset,100,30,1.8431
blaze-keyset-with-count,100,30,27.3567
jpa-offset,100,31,3.4715
blaze-offset,100,31,2.8790
spring-data-keyset,100,31,3.6046
hibernate-keyset,100,31,4.1095
hql-row-value-keyset,100,31,1.1859
blaze-keyset,100,31,1.6144
blaze-keyset-with-count,100,31,27.9066
spring-data-page,100,31,35.1428
blaze-offset,100,32,3.7806
spring-data-keyset,100,32,4.0202
hibernate-keyset,100,32,5.4012
hql-row-value-keyset,100,32,2.3315
blaze-keyset,100,32,2.3582
blaze-keyset-with-count,100,32,32.4516
spring-data-page,100,32,42.0626
jpa-offset,100,32,4.1048
spring-data-keyset,100,33,4.1162
hibernate-keyset,100,33,4.2797
hql-row-value-keyset,100,33,1.7868
blaze-keyset,100,33,2.1611
blaze-keyset-with-count,100,33,30.6953
spring-data-page,100,33,37.4262
jpa-offset,100,33,3.6700
blaze-offset,100,33,3.6116
hibernate-keyset,100,34,3.4152
hql-row-value-keyset,100,34,2.0120
blaze-keyset,100,34,2.2968
blaze-keyset-with-count,100,34,31.0032
spring-data-page,100,34,36.3120
jpa-offset,100,34,4.0118
blaze-offset,100,34,3.4445
spring-data-keyset,100,34,3.1611
hql-row-value-keyset,100,35,1.1783
blaze-keyset,100,35,1.7831
blaze-keyset-with-count,100,35,28.1218
spring-data-page,100,35,33.8234
jpa-offset,100,35,3.1071
blaze-offset,100,35,2.9456
spring-data-keyset,100,35,2.6645
hibernate-keyset,100,35,2.8295
blaze-keyset,100,36,1.7953
blaze-keyset-with-count,100,36,27.2010
spring-data-page,100,36,34.6671
jpa-offset,100,36,3.4294
blaze-offset,100,36,3.3676
spring-data-keyset,100,36,2.9220
hibernate-keyset,100,36,3.3201
hql-row-value-keyset,100,36,1.1185
blaze-keyset-with-count,100,37,27.7529
spring-data-page,100,37,36.4680
jpa-offset,100,37,3.2239
blaze-offset,100,37,2.7575
spring-data-keyset,100,37,3.5287
hibernate-keyset,100,37,2.9102
hql-row-value-keyset,100,37,0.9575
blaze-keyset,100,37,1.5677
spring-data-page,100,38,33.7808
jpa-offset,100,38,3.9588
blaze-offset,100,38,3.1610
spring-data-keyset,100,38,3.7868
hibernate-keyset,100,38,3.3531
hql-row-value-keyset,100,38,0.9675
blaze-keyset,100,38,1.4730
blaze-keyset-with-count,100,38,26.5047
jpa-offset,100,39,3.1808
blaze-offset,100,39,2.9952
spring-data-keyset,100,39,2.7387
hibernate-keyset,100,39,2.9676
hql-row-value-keyset,100,39,1.1124
blaze-keyset,100,39,2.6035
blaze-keyset-with-count,100,39,27.1263
spring-data-page,100,39,35.6166
blaze-offset,100,40,4.1392
spring-data-keyset,100,40,4.0620
hibernate-keyset,100,40,3.9640
hql-row-value-keyset,100,40,1.5958
blaze-keyset,100,40,1.8710
blaze-keyset-with-count,100,40,27.3356
spring-data-page,100,40,34.1178
jpa-offset,100,40,3.2513
spring-data-keyset,100,41,3.1922
hibernate-keyset,100,41,3.6400
hql-row-value-keyset,100,41,1.4571
blaze-keyset,100,41,1.7525
blaze-keyset-with-count,100,41,27.7880
spring-data-page,100,41,33.4038
jpa-offset,100,41,3.3375
blaze-offset,100,41,3.3669
hibernate-keyset,100,42,2.8897
hql-row-value-keyset,100,42,1.0916
blaze-keyset,100,42,1.8744
blaze-keyset-with-count,100,42,27.2680
spring-data-page,100,42,33.8124
jpa-offset,100,42,3.3814
blaze-offset,100,42,2.7541
spring-data-keyset,100,42,2.7525
hql-row-value-keyset,100,43,1.2247
blaze-keyset,100,43,2.2253
blaze-keyset-with-count,100,43,27.1194
spring-data-page,100,43,33.3591
jpa-offset,100,43,3.0581
blaze-offset,100,43,3.2794
spring-data-keyset,100,43,3.3149
hibernate-keyset,100,43,3.0955
blaze-keyset,100,44,1.5474
blaze-keyset-with-count,100,44,26.9728
spring-data-page,100,44,33.2150
jpa-offset,100,44,3.4465
blaze-offset,100,44,2.7811
spring-data-keyset,100,44,2.8007
hibernate-keyset,100,44,2.6479
hql-row-value-keyset,100,44,0.9712
blaze-keyset-with-count,100,45,28.0273
spring-data-page,100,45,37.1047
jpa-offset,100,45,3.3399
blaze-offset,100,45,3.6660
spring-data-keyset,100,45,3.0349
hibernate-keyset,100,45,3.1830
hql-row-value-keyset,100,45,1.2504
blaze-keyset,100,45,1.5550
spring-data-page,100,46,31.7639
jpa-offset,100,46,3.0883
blaze-offset,100,46,3.4945
spring-data-keyset,100,46,3.7225
hibernate-keyset,100,46,3.5252
hql-row-value-keyset,100,46,1.8298
blaze-keyset,100,46,1.7755
blaze-keyset-with-count,100,46,27.4142
jpa-offset,100,47,3.4328
blaze-offset,100,47,3.0680
spring-data-keyset,100,47,3.4386
hibernate-keyset,100,47,4.5755
hql-row-value-keyset,100,47,1.6065
blaze-keyset,100,47,1.7679
blaze-keyset-with-count,100,47,27.3061
spring-data-page,100,47,34.1397
blaze-offset,100,48,3.5856
spring-data-keyset,100,48,3.1279
hibernate-keyset,100,48,2.9762
hql-row-value-keyset,100,48,1.0900
blaze-keyset,100,48,1.5633
blaze-keyset-with-count,100,48,26.7659
spring-data-page,100,48,33.5128
jpa-offset,100,48,3.1947
spring-data-keyset,100,49,3.0102
hibernate-keyset,100,49,2.8033
hql-row-value-keyset,100,49,1.4462
blaze-keyset,100,49,1.9711
blaze-keyset-with-count,100,49,26.4816
spring-data-page,100,49,36.0449
jpa-offset,100,49,3.3140
blaze-offset,100,49,2.9192
hibernate-keyset,100,50,2.7124
hql-row-value-keyset,100,50,1.0706
blaze-keyset,100,50,1.4461
blaze-keyset-with-count,100,50,27.1419
spring-data-page,100,50,34.0841
jpa-offset,100,50,3.4410
blaze-offset,100,50,2.9840
spring-data-keyset,100,50,2.6693
hql-row-value-keyset,100,51,1.5103
blaze-keyset,100,51,1.7745
blaze-keyset-with-count,100,51,28.0878
spring-data-page,100,51,34.7124
jpa-offset,100,51,3.7228
blaze-offset,100,51,3.6136
spring-data-keyset,100,51,3.4093
hibernate-keyset,100,51,2.7301
blaze-keyset,100,52,1.7038
blaze-keyset-with-count,100,52,26.7367
spring-data-page,100,52,36.0659
jpa-offset,100,52,3.0606
blaze-offset,100,52,2.7779
spring-data-keyset,100,52,2.6687
hibernate-keyset,100,52,2.8601
hql-row-value-keyset,100,52,1.0044
blaze-keyset-with-count,100,53,26.5472
spring-data-page,100,53,33.0496
jpa-offset,100,53,3.4264
blaze-offset,100,53,3.0116
spring-data-keyset,100,53,2.5481
hibernate-keyset,100,53,2.6812
hql-row-value-keyset,100,53,1.0868
blaze-keyset,100,53,1.5571
spring-data-page,100,54,31.9431
jpa-offset,100,54,3.3257
blaze-offset,100,54,3.1295
spring-data-keyset,100,54,3.0804
hibernate-keyset,100,54,3.4562
hql-row-value-keyset,100,54,1.0892
blaze-keyset,100,54,1.6098
blaze-keyset-with-count,100,54,26.8071
jpa-offset,100,55,3.3401
blaze-offset,100,55,2.7691
spring-data-keyset,100,55,2.5124
hibernate-keyset,100,55,2.6078
hql-row-value-keyset,100,55,1.2848
blaze-keyset,100,55,1.7928
blaze-keyset-with-count,100,55,27.1469
spring-data-page,100,55,33.9623
blaze-offset,100,56,4.0255
spring-data-keyset,100,56,3.8837
hibernate-keyset,100,56,3.2153
hql-row-value-keyset,100,56,1.1327
blaze-keyset,100,56,1.5241
blaze-keyset-with-count,100,56,27.7670
spring-data-page,100,56,33.6875
jpa-offset,100,56,3.5262
spring-data-keyset,100,57,3.1810
hibernate-keyset,100,57,2.8772
hql-row-value-keyset,100,57,1.0067
blaze-keyset,100,57,1.8831
blaze-keyset-with-count,100,57,27.9866
spring-data-page,100,57,39.7586
jpa-offset,100,57,4.4211
blaze-offset,100,57,4.3115
hibernate-keyset,100,58,4.3293
hql-row-value-keyset,100,58,2.1842
blaze-keyset,100,58,3.2157
blaze-keyset-with-count,100,58,44.5428
spring-data-page,100,58,45.0200
jpa-offset,100,58,4.9124
blaze-offset,100,58,5.4435
spring-data-keyset,100,58,5.0806
hql-row-value-keyset,100,59,2.3115
blaze-keyset,100,59,3.2229
blaze-keyset-with-count,100,59,46.7809
spring-data-page,100,59,48.5503
jpa-offset,100,59,4.3932
blaze-offset,100,59,4.6132
spring-data-keyset,100,59,4.8546
hibernate-keyset,100,59,5.1448
blaze-keyset,100,60,3.3611
blaze-keyset-with-count,100,60,44.0237
spring-data-page,100,60,50.7767
jpa-offset,100,60,4.3841
blaze-offset,100,60,4.6218
spring-data-keyset,100,60,4.2843
hibernate-keyset,100,60,4.5920
hql-row-value-keyset,100,60,2.4540
blaze-keyset-with-count,100,61,41.2564
spring-data-page,100,61,52.7653
jpa-offset,100,61,6.2409
blaze-offset,100,61,7.1783
spring-data-keyset,100,61,6.9477
hibernate-keyset,100,61,8.6579
hql-row-value-keyset,100,61,3.3990
blaze-keyset,100,61,4.2838
spring-data-page,100,62,56.3569
jpa-offset,100,62,4.6411
blaze-offset,100,62,4.6101
spring-data-keyset,100,62,5.4753
hibernate-keyset,100,62,5.9933
hql-row-value-keyset,100,62,2.6045
blaze-keyset,100,62,3.2449
blaze-keyset-with-count,100,62,44.0892
jpa-offset,100,63,4.7022
blaze-offset,100,63,4.4323
spring-data-keyset,100,63,5.7411
hibernate-keyset,100,63,6.1552
hql-row-value-keyset,100,63,3.3990
blaze-keyset,100,63,4.8674
blaze-keyset-with-count,100,63,47.3645
spring-data-page,100,63,72.7993
blaze-offset,100,64,4.2953
spring-data-keyset,100,64,3.9724
hibernate-keyset,100,64,4.3054
hql-row-value-keyset,100,64,2.1215
blaze-keyset,100,64,2.4245
blaze-keyset-with-count,100,64,34.2775
spring-data-page,100,64,71.6108
jpa-offset,100,64,5.9328
spring-data-keyset,100,65,6.5297
hibernate-keyset,100,65,6.4507
hql-row-value-keyset,100,65,3.2173
blaze-keyset,100,65,4.7736
blaze-keyset-with-count,100,65,56.7585
spring-data-page,100,65,55.7056
jpa-offset,100,65,5.6478
blaze-offset,100,65,6.1438
hibernate-keyset,100,66,6.6293
hql-row-value-keyset,100,66,3.0690
blaze-keyset,100,66,3.9402
blaze-keyset-with-count,100,66,47.7033
spring-data-page,100,66,51.7083
jpa-offset,100,66,5.2895
blaze-offset,100,66,6.5419
spring-data-keyset,100,66,6.1100
hql-row-value-keyset,100,67,3.5435
blaze-keyset,100,67,4.1844
blaze-keyset-with-count,100,67,41.0901
spring-data-page,100,67,40.9541
jpa-offset,100,67,4.2121
blaze-offset,100,67,3.8960
spring-data-keyset,100,67,3.2957
hibernate-keyset,100,67,3.6675
blaze-keyset,100,68,2.5268
blaze-keyset-with-count,100,68,32.5688
spring-data-page,100,68,38.7613
jpa-offset,100,68,3.4686
blaze-offset,100,68,3.1918
spring-data-keyset,100,68,2.6535
hibernate-keyset,100,68,2.9910
hql-row-value-keyset,100,68,1.3762
blaze-keyset-with-count,100,69,29.5320
spring-data-page,100,69,41.5488
jpa-offset,100,69,4.2496
blaze-offset,100,69,5.0099
spring-data-keyset,100,69,5.9278
hibernate-keyset,100,69,6.2636
hql-row-value-keyset,100,69,2.9563
blaze-keyset,100,69,4.5074
spring-data-page,100,70,54.1556
jpa-offset,100,70,5.3402
blaze-offset,100,70,6.3153
spring-data-keyset,100,70,6.5918
hibernate-keyset,100,70,6.4624
hql-row-value-keyset,100,70,3.5634
blaze-keyset,100,70,4.1220
blaze-keyset-with-count,100,70,54.1707
jpa-offset,100,71,6.1593
blaze-offset,100,71,6.2286
spring-data-keyset,100,71,6.6510
hibernate-keyset,100,71,7.6186
hql-row-value-keyset,100,71,3.0983
blaze-keyset,100,71,3.8156
blaze-keyset-with-count,100,71,52.9220
spring-data-page,100,71,51.1785
blaze-offset,100,72,6.1589
spring-data-keyset,100,72,6.0801
hibernate-keyset,100,72,7.1502
hql-row-value-keyset,100,72,3.6392
blaze-keyset,100,72,4.0538
blaze-keyset-with-count,100,72,56.9509
spring-data-page,100,72,55.2775
jpa-offset,100,72,5.3591
spring-data-keyset,100,73,5.6842
hibernate-keyset,100,73,6.8774
hql-row-value-keyset,100,73,3.3200
blaze-keyset,100,73,4.8459
blaze-keyset-with-count,100,73,57.3614
spring-data-page,100,73,43.9877
jpa-offset,100,73,6.0275
blaze-offset,100,73,5.8120
hibernate-keyset,100,74,6.7302
hql-row-value-keyset,100,74,3.0870
blaze-keyset,100,74,3.6553
blaze-keyset-with-count,100,74,41.6879
spring-data-page,100,74,49.2715
jpa-offset,100,74,5.0278
blaze-offset,100,74,4.6850
spring-data-keyset,100,74,4.8487
hql-row-value-keyset,100,75,2.3476
blaze-keyset,100,75,3.7820
blaze-keyset-with-count,100,75,46.3605
spring-data-page,100,75,51.8926
jpa-offset,100,75,6.0170
blaze-offset,100,75,4.4315
spring-data-keyset,100,75,4.8697
hibernate-keyset,100,75,6.2298
blaze-keyset,100,76,3.1762
blaze-keyset-with-count,100,76,42.9961
spring-data-page,100,76,44.0154
jpa-offset,100,76,4.5826
blaze-offset,100,76,5.5227
spring-data-keyset,100,76,4.8339
hibernate-keyset,100,76,5.4663
hql-row-value-keyset,100,76,3.1452
blaze-keyset-with-count,100,77,43.7269
spring-data-page,100,77,62.9054
jpa-offset,100,77,5.2546
blaze-offset,100,77,6.1336
spring-data-keyset,100,77,4.7159
hibernate-keyset,100,77,5.6578
hql-row-value-keyset,100,77,2.9189
blaze-keyset,100,77,4.2458
spring-data-page,100,78,49.3869
jpa-offset,100,78,4.8169
blaze-offset,100,78,4.5109
spring-data-keyset,100,78,5.1301
hibernate-keyset,100,78,5.8401
hql-row-value-keyset,100,78,2.7414
blaze-keyset,100,78,3.5391
blaze-keyset-with-count,100,78,41.8494
jpa-offset,100,79,5.2265
blaze-offset,100,79,5.5264
spring-data-keyset,100,79,6.3063
hibernate-keyset,100,79,5.7202
hql-row-value-keyset,100,79,2.6498
blaze-keyset,100,79,4.2186
blaze-keyset-with-count,100,79,43.7232
spring-data-page,100,79,46.8318
blaze-offset,100,80,5.3867
spring-data-keyset,100,80,5.3235
hibernate-keyset,100,80,5.3235
hql-row-value-keyset,100,80,2.5963
blaze-keyset,100,80,2.8588
blaze-keyset-with-count,100,80,43.6155
spring-data-page,100,80,47.9719
jpa-offset,100,80,5.1162
spring-data-keyset,100,81,5.5863
hibernate-keyset,100,81,6.8389
hql-row-value-keyset,100,81,2.8275
blaze-keyset,100,81,3.8152
blaze-keyset-with-count,100,81,46.5487
spring-data-page,100,81,49.2434
jpa-offset,100,81,5.0965
blaze-offset,100,81,4.7919
hibernate-keyset,100,82,5.4367
hql-row-value-keyset,100,82,2.4800
blaze-keyset,100,82,3.0844
blaze-keyset-with-count,100,82,42.2496
spring-data-page,100,82,49.1235
jpa-offset,100,82,5.4382
blaze-offset,100,82,4.7059
spring-data-keyset,100,82,5.6153
hql-row-value-keyset,100,83,2.3081
blaze-keyset,100,83,2.9467
blaze-keyset-with-count,100,83,40.5869
spring-data-page,100,83,50.0588
jpa-offset,100,83,8.0422
blaze-offset,100,83,5.1229
spring-data-keyset,100,83,5.6167
hibernate-keyset,100,83,6.2287
blaze-keyset,100,84,3.3055
blaze-keyset-with-count,100,84,45.3417
spring-data-page,100,84,44.8573
jpa-offset,100,84,4.5750
blaze-offset,100,84,4.5881
spring-data-keyset,100,84,4.8955
hibernate-keyset,100,84,6.1330
hql-row-value-keyset,100,84,2.4020
blaze-keyset-with-count,100,85,44.4178
spring-data-page,100,85,48.4463
jpa-offset,100,85,5.0823
blaze-offset,100,85,5.0208
spring-data-keyset,100,85,4.7504
hibernate-keyset,100,85,5.8150
hql-row-value-keyset,100,85,2.4526
blaze-keyset,100,85,3.8444
spring-data-page,100,86,53.5618
jpa-offset,100,86,6.2882
blaze-offset,100,86,4.9420
spring-data-keyset,100,86,5.8244
hibernate-keyset,100,86,6.1637
hql-row-value-keyset,100,86,2.8084
blaze-keyset,100,86,3.9361
blaze-keyset-with-count,100,86,41.7547
jpa-offset,100,87,4.5976
blaze-offset,100,87,4.8894
spring-data-keyset,100,87,5.4860
hibernate-keyset,100,87,6.1286
hql-row-value-keyset,100,87,2.7830
blaze-keyset,100,87,3.0407
blaze-keyset-with-count,100,87,45.7094
spring-data-page,100,87,46.1729
blaze-offset,100,88,5.4672
spring-data-keyset,100,88,4.8941
hibernate-keyset,100,88,5.8803
hql-row-value-keyset,100,88,2.2835
blaze-keyset,100,88,2.7455
blaze-keyset-with-count,100,88,37.7870
spring-data-page,100,88,46.0385
jpa-offset,100,88,5.3156
spring-data-keyset,100,89,5.7717
hibernate-keyset,100,89,5.6587
hql-row-value-keyset,100,89,2.4583
blaze-keyset,100,89,3.1773
blaze-keyset-with-count,100,89,42.1419
spring-data-page,100,89,46.7098
jpa-offset,100,89,5.0919
blaze-offset,100,89,4.8230
hibernate-keyset,100,90,6.3339
hql-row-value-keyset,100,90,2.9463
blaze-keyset,100,90,4.2602
blaze-keyset-with-count,100,90,45.5446
spring-data-page,100,90,49.1653
jpa-offset,100,90,5.5180
blaze-offset,100,90,6.4982
spring-data-keyset,100,90,6.1716
hql-row-value-keyset,100,91,3.7471
blaze-keyset,100,91,3.9348
blaze-keyset-with-count,100,91,44.2974
spring-data-page,100,91,46.0243
jpa-offset,100,91,4.5938
blaze-offset,100,91,5.2245
spring-data-keyset,100,91,6.9344
hibernate-keyset,100,91,6.3530
blaze-keyset,100,92,4.4817
blaze-keyset-with-count,100,92,46.1270
spring-data-page,100,92,47.3862
jpa-offset,100,92,5.9158
blaze-offset,100,92,6.1521
spring-data-keyset,100,92,6.3155
hibernate-keyset,100,92,6.4964
hql-row-value-keyset,100,92,2.6675
blaze-keyset-with-count,100,93,40.7682
spring-data-page,100,93,44.9415
jpa-offset,100,93,5.2329
blaze-offset,100,93,5.7836
spring-data-keyset,100,93,5.8244
hibernate-keyset,100,93,5.8195
hql-row-value-keyset,100,93,3.0776
blaze-keyset,100,93,3.5722
spring-data-page,100,94,46.6214
jpa-offset,100,94,6.2735
blaze-offset,100,94,6.2369
spring-data-keyset,100,94,6.4479
hibernate-keyset,100,94,6.6548
hql-row-value-keyset,100,94,3.0328
blaze-keyset,100,94,3.8099
blaze-keyset-with-count,100,94,45.9852
jpa-offset,100,95,4.9791
blaze-offset,100,95,6.5863
spring-data-keyset,100,95,5.6310
hibernate-keyset,100,95,7.3445
hql-row-value-keyset,100,95,3.1837
blaze-keyset,100,95,4.2978
blaze-keyset-with-count,100,95,47.2766
spring-data-page,100,95,46.9178
blaze-offset,100,96,5.5813
spring-data-keyset,100,96,5.5033
hibernate-keyset,100,96,6.5226
hql-row-value-keyset,100,96,2.9896
blaze-keyset,100,96,3.7462
blaze-keyset-with-count,100,96,51.5418
spring-data-page,100,96,52.6945
jpa-offset,100,96,5.6363
spring-data-keyset,100,97,5.5311
hibernate-keyset,100,97,6.6008
hql-row-value-keyset,100,97,3.2198
blaze-keyset,100,97,3.9155
blaze-keyset-with-count,100,97,58.0224
spring-data-page,100,97,46.1155
jpa-offset,100,97,5.0948
blaze-offset,100,97,4.9540
hibernate-keyset,100,98,5.7024
hql-row-value-keyset,100,98,2.5579
blaze-keyset,100,98,3.5199
blaze-keyset-with-count,100,98,51.6039
spring-data-page,100,98,49.2715
jpa-offset,100,98,4.1194
blaze-offset,100,98,4.2254
spring-data-keyset,100,98,4.3583
hql-row-value-keyset,100,99,2.4182
blaze-keyset,100,99,3.9902
blaze-keyset-with-count,100,99,39.2505
spring-data-page,100,99,43.9148
jpa-offset,100,99,4.1752
blaze-offset,100,99,4.0671
spring-data-keyset,100,99,4.3612
hibernate-keyset,100,99,5.0776
blaze-offset,1000,0,15.5289
spring-data-keyset,1000,0,13.9446
hibernate-keyset,1000,0,16.0301
hql-row-value-keyset,1000,0,1.5165
blaze-keyset,1000,0,2.3755
blaze-keyset-with-count,1000,0,28.0787
spring-data-page,1000,0,47.6322
jpa-offset,1000,0,15.5188
spring-data-keyset,1000,1,14.4183
hibernate-keyset,1000,1,14.6442
hql-row-value-keyset,1000,1,1.3961
blaze-keyset,1000,1,1.6763
blaze-keyset-with-count,1000,1,28.6952
spring-data-page,1000,1,46.7453
jpa-offset,1000,1,15.5298
blaze-offset,1000,1,14.2036
hibernate-keyset,1000,2,15.5515
hql-row-value-keyset,1000,2,1.6001
blaze-keyset,1000,2,1.9001
blaze-keyset-with-count,1000,2,27.8645
spring-data-page,1000,2,48.1184
jpa-offset,1000,2,14.7179
blaze-offset,1000,2,13.6961
spring-data-keyset,1000,2,15.0955
hql-row-value-keyset,1000,3,1.6544
blaze-keyset,1000,3,2.1140
blaze-keyset-with-count,1000,3,30.8365
spring-data-page,1000,3,47.1740
jpa-offset,1000,3,15.4237
blaze-offset,1000,3,12.7945
spring-data-keyset,1000,3,12.3294
hibernate-keyset,1000,3,15.0965
blaze-keyset,1000,4,2.6499
blaze-keyset-with-count,1000,4,29.4169
spring-data-page,1000,4,48.8230
jpa-offset,1000,4,16.0314
blaze-offset,1000,4,15.5041
spring-data-keyset,1000,4,15.0051
hibernate-keyset,1000,4,16.2230
hql-row-value-keyset,1000,4,2.0065
blaze-keyset-with-count,1000,5,30.9254
spring-data-page,1000,5,48.1816
jpa-offset,1000,5,16.7474
blaze-offset,1000,5,13.6301
spring-data-keyset,1000,5,15.7069
hibernate-keyset,1000,5,15.0075
hql-row-value-keyset,1000,5,1.7524
blaze-keyset,1000,5,1.8693
spring-data-page,1000,6,45.9977
jpa-offset,1000,6,15.2082
blaze-offset,1000,6,14.3465
spring-data-keyset,1000,6,14.2892
hibernate-keyset,1000,6,14.5148
hql-row-value-keyset,1000,6,1.7797
blaze-keyset,1000,6,2.1510
blaze-keyset-with-count,1000,6,27.5423
jpa-offset,1000,7,16.0979
blaze-offset,1000,7,16.3175
spring-data-keyset,1000,7,12.5614
hibernate-keyset,1000,7,12.4540
hql-row-value-keyset,1000,7,1.5354
blaze-keyset,1000,7,1.8340
blaze-keyset-with-count,1000,7,27.4484
spring-data-page,1000,7,45.4347
blaze-offset,1000,8,16.1469
spring-data-keyset,1000,8,13.6277
hibernate-keyset,1000,8,15.3070
hql-row-value-keyset,1000,8,1.3638
blaze-keyset,1000,8,1.9874
blaze-keyset-with-count,1000,8,27.6217
spring-data-page,1000,8,53.7403
jpa-offset,1000,8,18.7516
spring-data-keyset,1000,9,23.7789
hibernate-keyset,1000,9,22.4698
hql-row-value-keyset,1000,9,1.9229
blaze-keyset,1000,9,2.5075
blaze-keyset-with-count,1000,9,34.5949
spring-data-page,1000,9,51.4886
jpa-offset,1000,9,16.1390
blaze-offset,1000,9,13.6397
hibernate-keyset,1000,10,13.1869
hql-row-value-keyset,1000,10,1.4089
blaze-keyset,1000,10,1.8169
blaze-keyset-with-count,1000,10,28.8441
spring-data-page,1000,10,46.8287
jpa-offset,1000,10,15.5689
blaze-offset,1000,10,13.6386
spring-data-keyset,1000,10,16.4344
hql-row-value-keyset,1000,11,1.7631
blaze-keyset,1000,11,2.9835
blaze-keyset-with-count,1000,11,34.8857
spring-data-page,1000,11,54.2887
jpa-offset,1000,11,16.5674
blaze-offset,1000,11,16.4073
spring-data-keyset,1000,11,15.9720
hibernate-keyset,1000,11,17.2177
blaze-keyset,1000,12,3.5625
blaze-keyset-with-count,1000,12,39.3167
spring-data-page,1000,12,53.5705
jpa-offset,1000,12,16.6016
blaze-offset,1000,12,16.2841
spring-data-keyset,1000,12,16.3695
hibernate-keyset,1000,12,16.3581
hql-row-value-keyset,1000,12,1.6577
blaze-keyset-with-count,1000,13,33.6921
spring-data-page,1000,13,50.9816
jpa-offset,1000,13,18.6639
blaze-offset,1000,13,16.5586
spring-data-keyset,1000,13,16.8999
hibernate-keyset,1000,13,15.7926
hql-row-value-keyset,1000,13,2.1371
blaze-keyset,1000,13,2.1343
spring-data-page,1000,14,54.3688
jpa-offset,1000,14,16.0618
blaze-offset,1000,14,13.2670
spring-data-keyset,1000,14,14.7218
hibernate-keyset,1000,14,18.0063
hql-row-value-keyset,1000,14,1.9244
blaze-keyset,1000,14,3.2392
blaze-keyset-with-count,1000,14,32.7450
jpa-offset,1000,15,17.0060
blaze-offset,1000,15,16.3631
spring-data-keyset,1000,15,15.3711
hibernate-keyset,1000,15,15.7499
hql-row-value-keyset,1000,15,1.7833
blaze-keyset,1000,15,2.0020
blaze-keyset-with-count,1000,15,29.1723
spring-data-page,1000,15,48.3102
blaze-offset,1000,16,16.3056
spring-data-keyset,1000,16,13.1337
hibernate-keyset,1000,16,15.1183
hql-row-value-keyset,1000,16,1.5152
blaze-keyset,1000,16,1.8004
blaze-keyset-with-count,1000,16,28.9110
spring-data-page,1000,16,48.1483
jpa-offset,1000,16,17.6487
spring-data-keyset,1000,17,18.2525
hibernate-keyset,1000,17,16.1990
hql-row-value-keyset,1000,17,2.0449
blaze-keyset,1000,17,2.3145
blaze-keyset-with-count,1000,17,29.1393
spring-data-page,1000,17,51.2487
jpa-offset,1000,17,17.5431
blaze-offset,1000,17,17.8284
hibernate-keyset,1000,18,16.7872
hql-row-value-keyset,1000,18,1.9066
blaze-keyset,1000,18,2.7566
blaze-keyset-with-count,1000,18,33.0389
spring-data-page,1000,18,55.4380
jpa-offset,1000,18,18.9118
blaze-offset,1000,18,18.1393
spring-data-keyset,1000,18,18.6542
hql-row-value-keyset,1000,19,2.3261
blaze-keyset,1000,19,2.9248
blaze-keyset-with-count,1000,19,37.9437
spring-data-page,1000,19,58.3046
jpa-offset,1000,19,17.6968
blaze-offset,1000,19,17.6138
spring-data-keyset,1000,19,18.8050
hibernate-keyset,1000,19,18.4203
blaze-keyset,1000,20,2.0997
blaze-keyset-with-count,1000,20,30.5748
spring-data-page,1000,20,48.0456
jpa-offset,1000,20,15.6440
blaze-offset,1000,20,14.3011
spring-data-keyset,1000,20,14.3895
hibernate-keyset,1000,20,14.3523
hql-row-value-keyset,1000,20,1.9614
blaze-keyset-with-count,1000,21,28.3033
spring-data-page,1000,21,45.3560
jpa-offset,1000,21,15.3984
blaze-offset,1000,21,16.2523
spring-data-keyset,1000,21,18.4746
hibernate-keyset,1000,21,18.0717
hql-row-value-keyset,1000,21,2.0875
blaze-keyset,1000,21,2.6041
spring-data-page,1000,22,54.9668
jpa-offset,1000,22,21.2668
blaze-offset,1000,22,16.9685
spring-data-keyset,1000,22,17.8928
hibernate-keyset,1000,22,18.4975
hql-row-value-keyset,1000,22,2.4252
blaze-keyset,1000,22,2.7120
blaze-keyset-with-count,1000,22,34.2384
jpa-offset,1000,23,19.0022
blaze-offset,1000,23,16.5323
spring-data-keyset,1000,23,20.7944
hibernate-keyset,1000,23,20.9697
hql-row-value-keyset,1000,23,2.4831
blaze-keyset,1000,23,3.4738
blaze-keyset-with-count,1000,23,39.6737
spring-data-page,1000,23,65.7875
blaze-offset,1000,24,21.9521
spring-data-keyset,1000,24,22.1934
hibernate-keyset,1000,24,20.6777
hql-row-value-keyset,1000,24,3.0336
blaze-keyset,1000,24,4.0412
blaze-keyset-with-count,1000,24,48.3611
spring-data-page,1000,24,74.9646
jpa-offset,1000,24,22.6701
spring-data-keyset,1000,25,23.0085
hibernate-keyset,1000,25,23.2651
hql-row-value-keyset,1000,25,3.5294
blaze-keyset,1000,25,4.3408
blaze-keyset-with-count,1000,25,52.0090
spring-data-page,1000,25,55.9249
jpa-offset,1000,25,17.9035
blaze-offset,1000,25,14.7305
hibernate-keyset,1000,26,14.6554
hql-row-value-keyset,1000,26,1.5030
blaze-keyset,1000,26,1.9208
blaze-keyset-with-count,1000,26,30.1655
spring-data-page,1000,26,49.6666
jpa-offset,1000,26,16.1849
blaze-offset,1000,26,16.2790
spring-data-keyset,1000,26,19.6142
hql-row-value-keyset,1000,27,2.6046
blaze-keyset,1000,27,3.5187
blaze-keyset-with-count,1000,27,45.9476
spring-data-page,1000,27,65.4702
jpa-offset,1000,27,18.4602
blaze-offset,1000,27,18.0679
spring-data-keyset,1000,27,18.4504
hibernate-keyset,1000,27,22.1767
blaze-keyset,1000,28,3.0840
blaze-keyset-with-count,1000,28,49.1595
spring-data-page,1000,28,62.9557
jpa-offset,1000,28,20.5720
blaze-offset,1000,28,18.1669
spring-data-keyset,1000,28,18.3706
hibernate-keyset,1000,28,18.8193
hql-row-value-keyset,1000,28,2.1697
blaze-keyset-with-count,1000,29,41.3830
spring-data-page,1000,29,59.1947
jpa-offset,1000,29,18.5213
blaze-offset,1000,29,18.8768
spring-data-keyset,1000,29,18.8564
hibernate-keyset,1000,29,21.1326
hql-row-value-keyset,1000,29,2.8982
blaze-keyset,1000,29,4.2691
spring-data-page,1000,30,79.4162
jpa-offset,1000,30,18.4496
blaze-offset,1000,30,18.7731
spring-data-keyset,1000,30,17.5869
hibernate-keyset,1000,30,17.6918
hql-row-value-keyset,1000,30,2.2820
blaze-keyset,1000,30,2.4800
blaze-keyset-with-count,1000,30,40.3375
jpa-offset,1000,31,20.4901
blaze-offset,1000,31,18.7526
spring-data-keyset,1000,31,19.0165
hibernate-keyset,1000,31,19.1903
hql-row-value-keyset,1000,31,2.1518
blaze-keyset,1000,31,2.8632
blaze-keyset-with-count,1000,31,37.3205
spring-data-page,1000,31,58.2293
blaze-offset,1000,32,26.4060
spring-data-keyset,1000,32,21.2163
hibernate-keyset,1000,32,19.7831
hql-row-value-keyset,1000,32,1.7823
blaze-keyset,1000,32,2.4607
blaze-keyset-with-count,1000,32,36.6505
spring-data-page,1000,32,60.5957
jpa-offset,1000,32,18.9742
spring-data-keyset,1000,33,19.5043
hibernate-keyset,1000,33,21.6025
hql-row-value-keyset,1000,33,2.8396
blaze-keyset,1000,33,4.1214
blaze-keyset-with-count,1000,33,41.2915
spring-data-page,1000,33,68.7197
jpa-offset,1000,33,17.8442
blaze-offset,1000,33,18.6482
hibernate-keyset,1000,34,18.1772
hql-row-value-keyset,1000,34,1.9989
blaze-keyset,1000,34,2.3295
blaze-keyset-with-count,1000,34,36.7706
spring-data-page,1000,34,53.8530
jpa-offset,1000,34,16.8421
blaze-offset,1000,34,20.2637
spring-data-keyset,1000,34,20.6999
hql-row-value-keyset,1000,35,2.0757
blaze-keyset,1000,35,3.0100
blaze-keyset-with-count,1000,35,41.7901
spring-data-page,1000,35,58.7836
jpa-offset,1000,35,17.5841
blaze-offset,1000,35,19.1746
spring-data-keyset,1000,35,17.6273
hibernate-keyset,1000,35,16.4008
blaze-keyset,1000,36,3.0728
blaze-keyset-with-count,1000,36,34.4961
spring-data-page,1000,36,61.7959
jpa-offset,1000,36,19.4976
blaze-offset,1000,36,18.8524
spring-data-keyset,1000,36,19.8765
hibernate-keyset,1000,36,19.9549
hql-row-value-keyset,1000,36,2.7840
blaze-keyset-with-count,1000,37,40.5122
spring-data-page,1000,37,55.2962
jpa-offset,1000,37,17.3410
blaze-offset,1000,37,14.6282
spring-data-keyset,1000,37,17.8730
hibernate-keyset,1000,37,18.0260
hql-row-value-keyset,1000,37,1.8691
blaze-keyset,1000,37,2.6655
spring-data-page,1000,38,51.0133
jpa-offset,1000,38,17.7865
blaze-offset,1000,38,19.4077
spring-data-keyset,1000,38,21.9193
hibernate-keyset,1000,38,19.8532
hql-row-value-keyset,1000,38,2.1591
blaze-keyset,1000,38,2.7996
blaze-keyset-with-count,1000,38,31.9266
jpa-offset,1000,39,18.0333
blaze-offset,1000,39,16.9732
spring-data-keyset,1000,39,19.0925
hibernate-keyset,1000,39,18.3338
hql-row-value-keyset,1000,39,1.8660
blaze-keyset,1000,39,2.7519
blaze-keyset-with-count,1000,39,36.1706
spring-data-page,1000,39,53.7965
blaze-offset,1000,40,22.4501
spring-data-keyset,1000,40,20.5026
hibernate-keyset,1000,40,19.8243
hql-row-value-keyset,1000,40,2.4887
blaze-keyset,1000,40,3.1767
blaze-keyset-with-count,1000,40,38.5351
spring-data-page,1000,40,57.0764
jpa-offset,1000,40,19.0260
spring-data-keyset,1000,41,19.3804
hibernate-keyset,1000,41,21.7523
hql-row-value-keyset,1000,41,2.0455
blaze-keyset,1000,41,3.3749
blaze-keyset-with-count,1000,41,32.1797
spring-data-page,1000,41,52.7535
jpa-offset,1000,41,16.8564
blaze-offset,1000,41,16.5778
hibernate-keyset,1000,42,18.0064
hql-row-value-keyset,1000,42,1.7859
blaze-keyset,1000,42,2.3009
blaze-keyset-with-count,1000,42,31.2658
spring-data-page,1000,42,52.3459
jpa-offset,1000,42,16.6889
blaze-offset,1000,42,16.8436
spring-data-keyset,1000,42,16.8174
hql-row-value-keyset,1000,43,1.5178
blaze-keyset,1000,43,1.9633
blaze-keyset-with-count,1000,43,30.8096
spring-data-page,1000,43,50.6551
jpa-offset,1000,43,17.7645
blaze-offset,1000,43,17.1096
spring-data-keyset,1000,43,18.4699
hibernate-keyset,1000,43,18.0441
blaze-keyset,1000,44,3.5420
blaze-keyset-with-count,1000,44,37.8533
spring-data-page,1000,44,58.3697
jpa-offset,1000,44,17.4233
blaze-offset,1000,44,16.5861
spring-data-keyset,1000,44,16.1149
hibernate-keyset,1000,44,17.5912
hql-row-value-keyset,1000,44,2.3715
blaze-keyset-with-count,1000,45,29.2270
spring-data-page,1000,45,48.2406
jpa-offset,1000,45,15.9709
blaze-offset,1000,45,12.6008
spring-data-keyset,1000,45,12.9457
hibernate-keyset,1000,45,14.1176
hql-row-value-keyset,1000,45,1.4350
blaze-keyset,1000,45,1.8038
spring-data-page,1000,46,49.9603
jpa-offset,1000,46,16.0825
blaze-offset,1000,46,13.9217
spring-data-keyset,1000,46,15.1942
hibernate-keyset,1000,46,13.6503
hql-row-value-keyset,1000,46,2.0757
blaze-keyset,1000,46,2.3955
blaze-keyset-with-count,1000,46,28.8878
jpa-offset,1000,47,15.2583
blaze-offset,1000,47,18.2527
spring-data-keyset,1000,47,15.3896
hibernate-keyset,1000,47,14.3054
hql-row-value-keyset,1000,47,1.4464
blaze-keyset,1000,47,3.2178
blaze-keyset-with-count,1000,47,37.5735
spring-data-page,1000,47,57.8982
blaze-offset,1000,48,17.8522
spring-data-keyset,1000,48,16.6637
hibernate-keyset,1000,48,16.0510
hql-row-value-keyset,1000,48,1.9748
blaze-keyset,1000,48,2.8430
blaze-keyset-with-count,1000,48,43.5660
spring-data-page,1000,48,51.9143
jpa-offset,1000,48,16.7576
spring-data-keyset,1000,49,17.3193
hibernate-keyset,1000,49,16.7581
hql-row-value-keyset,1000,49,1.6329
blaze-keyset,1000,49,2.5519
blaze-keyset-with-count,1000,49,30.6322
spring-data-page,1000,49,47.6791
jpa-offset,1000,49,15.9577
blaze-offset,1000,49,12.6520
hibernate-keyset,1000,50,12.4144
hql-row-value-keyset,1000,50,1.5707
blaze-keyset,1000,50,2.2324
blaze-keyset-with-count,1000,50,29.9792
spring-data-page,1000,50,47.4538
jpa-offset,1000,50,14.3623
blaze-offset,1000,50,14.3140
spring-data-keyset,1000,50,12.6322
hql-row-value-keyset,1000,51,1.6221
blaze-keyset,1000,51,1.9494
blaze-keyset-with-count,1000,51,27.6804
spring-data-page,1000,51,52.3168
jpa-offset,1000,51,18.6283
blaze-offset,1000,51,16.3881
spring-data-keyset,1000,51,15.0767
hibernate-keyset,1000,51,16.4293
blaze-keyset,1000,52,2.3845
blaze-keyset-with-count,1000,52,31.1752
spring-data-page,1000,52,53.5198
jpa-offset,1000,52,17.0467
blaze-offset,1000,52,15.7243
spring-data-keyset,1000,52,14.0523
hibernate-keyset,1000,52,17.9033
hql-row-value-keyset,1000,52,2.5931
blaze-keyset-with-count,1000,53,34.9915
spring-data-page,1000,53,49.2277
jpa-offset,1000,53,15.7244
blaze-offset,1000,53,14.6222
spring-data-keyset,1000,53,17.8975
hibernate-keyset,1000,53,19.8850
hql-row-value-keyset,1000,53,2.9925
blaze-keyset,1000,53,3.8369
spring-data-page,1000,54,50.1704
jpa-offset,1000,54,15.8925
blaze-offset,1000,54,16.8652
spring-data-keyset,1000,54,14.8505
hibernate-keyset,1000,54,13.1072
hql-row-value-keyset,1000,54,1.3794
blaze-keyset,1000,54,1.7492
blaze-keyset-with-count,1000,54,27.8370
jpa-offset,1000,55,15.6690
blaze-offset,1000,55,14.4495
spring-data-keyset,1000,55,14.1416
hibernate-keyset,1000,55,17.4078
hql-row-value-keyset,1000,55,1.6007
blaze-keyset,1000,55,2.3246
blaze-keyset-with-count,1000,55,31.0965
spring-data-page,1000,55,50.6337
blaze-offset,1000,56,16.8586
spring-data-keyset,1000,56,15.6441
hibernate-keyset,1000,56,17.4920
hql-row-value-keyset,1000,56,1.5853
blaze-keyset,1000,56,2.4686
blaze-keyset-with-count,1000,56,32.0922
spring-data-page,1000,56,52.6249
jpa-offset,1000,56,16.7165
spring-data-keyset,1000,57,16.3636
hibernate-keyset,1000,57,17.5577
hql-row-value-keyset,1000,57,1.7221
blaze-keyset,1000,57,2.1003
blaze-keyset-with-count,1000,57,33.7913
spring-data-page,1000,57,50.0451
jpa-offset,1000,57,15.1068
blaze-offset,1000,57,14.4121
hibernate-keyset,1000,58,12.5242
hql-row-value-keyset,1000,58,1.5845
blaze-keyset,1000,58,1.7066
blaze-keyset-with-count,1000,58,27.8448
spring-data-page,1000,58,47.0411
jpa-offset,1000,58,15.7184
blaze-offset,1000,58,14.3687
spring-data-keyset,1000,58,12.9789
hql-row-value-keyset,1000,59,1.3385
blaze-keyset,1000,59,1.8769
blaze-keyset-with-count,1000,59,27.6252
spring-data-page,1000,59,50.2601
jpa-offset,1000,59,16.4999
blaze-offset,1000,59,13.8992
spring-data-keyset,1000,59,16.7679
hibernate-keyset,1000,59,17.0176
blaze-keyset,1000,60,2.8611
blaze-keyset-with-count,1000,60,30.4636
spring-data-page,1000,60,54.7378
jpa-offset,1000,60,16.6966
blaze-offset,1000,60,18.7265
spring-data-keyset,1000,60,17.8426
hibernate-keyset,1000,60,17.6968
hql-row-value-keyset,1000,60,2.5386
blaze-keyset-with-count,1000,61,31.8574
spring-data-page,1000,61,53.5071
jpa-offset,1000,61,17.3738
blaze-offset,1000,61,17.7999
spring-data-keyset,1000,61,16.6834
hibernate-keyset,1000,61,16.9990
hql-row-value-keyset,1000,61,2.1281
blaze-keyset,1000,61,2.7639
spring-data-page,1000,62,50.5363
jpa-offset,1000,62,15.7893
blaze-offset,1000,62,14.0668
spring-data-keyset,1000,62,17.5209
hibernate-keyset,1000,62,18.4256
hql-row-value-keyset,1000,62,2.3203
blaze-keyset,1000,62,2.5760
blaze-keyset-with-count,1000,62,35.8814
jpa-offset,1000,63,18.8791
blaze-offset,1000,63,18.0775
spring-data-keyset,1000,63,17.0254
hibernate-keyset,1000,63,20.0402
hql-row-value-keyset,1000,63,2.3861
blaze-keyset,1000,63,3.0832
blaze-keyset-with-count,1000,63,42.9009
spring-data-page,1000,63,58.8359
blaze-offset,1000,64,18.4515
spring-data-keyset,1000,64,20.0713
hibernate-keyset,1000,64,20.5245
hql-row-value-keyset,1000,64,2.8006
blaze-keyset,1000,64,3.1835
blaze-keyset-with-count,1000,64,41.6044
spring-data-page,1000,64,62.0348
jpa-offset,1000,64,19.1281
spring-data-keyset,1000,65,19.2174
hibernate-keyset,1000,65,19.9220
hql-row-value-keyset,1000,65,2.8075
blaze-keyset,1000,65,3.4674
blaze-keyset-with-count,1000,65,41.6696
spring-data-page,1000,65,59.0496
jpa-offset,1000,65,19.2606
blaze-offset,1000,65,19.3474
hibernate-keyset,1000,66,28.3520
hql-row-value-keyset,1000,66,2.6928
blaze-keyset,1000,66,2.8829
blaze-keyset-with-count,1000,66,38.4854
spring-data-page,1000,66,59.7263
jpa-offset,1000,66,22.5146
blaze-offset,1000,66,20.7105
spring-data-keyset,1000,66,20.5637
hql-row-value-keyset,1000,67,2.3442
blaze-keyset,1000,67,3.1072
blaze-keyset-with-count,1000,67,38.3144
spring-data-page,1000,67,58.7412
jpa-offset,1000,67,19.4627
blaze-offset,1000,67,20.6740
spring-data-keyset,1000,67,20.2936
hibernate-keyset,1000,67,20.4045
blaze-keyset,1000,68,3.2372
blaze-keyset-with-count,1000,68,38.6384
spring-data-page,1000,68,58.7037
jpa-offset,1000,68,20.3328
blaze-offset,1000,68,20.7819
spring-data-keyset,1000,68,20.4857
hibernate-keyset,1000,68,21.5534
hql-row-value-keyset,1000,68,3.0336
blaze-keyset-with-count,1000,69,47.9016
spring-data-page,1000,69,75.9543
jpa-offset,1000,69,24.1139
blaze-offset,1000,69,28.1980
spring-data-keyset,1000,69,28.4513
hibernate-keyset,1000,69,24.1134
hql-row-value-keyset,1000,69,3.3709
blaze-keyset,1000,69,4.4672
spring-data-page,1000,70,65.6637
jpa-offset,1000,70,24.1476
blaze-offset,1000,70,24.1694
spring-data-keyset,1000,70,21.7616
hibernate-keyset,1000,70,22.4463
hql-row-value-keyset,1000,70,2.5059
blaze-keyset,1000,70,3.5767
blaze-keyset-with-count,1000,70,40.3290
jpa-offset,1000,71,20.6589
blaze-offset,1000,71,20.4833
spring-data-keyset,1000,71,20.4754
hibernate-keyset,1000,71,24.5821
hql-row-value-keyset,1000,71,2.8153
blaze-keyset,1000,71,4.2037
blaze-keyset-with-count,1000,71,41.0683
spring-data-page,1000,71,59.7842
blaze-offset,1000,72,20.7810
spring-data-keyset,1000,72,21.2098
hibernate-keyset,1000,72,22.3845
hql-row-value-keyset,1000,72,3.0348
blaze-keyset,1000,72,3.6789
blaze-keyset-with-count,1000,72,38.2519
spring-data-page,1000,72,58.7407
jpa-offset,1000,72,19.3144
spring-data-keyset,1000,73,19.5555
hibernate-keyset,1000,73,19.6022
hql-row-value-keyset,1000,73,1.9529
blaze-keyset,1000,73,2.4919
blaze-keyset-with-count,1000,73,34.6089
spring-data-page,1000,73,60.2808
jpa-offset,1000,73,20.9808
blaze-offset,1000,73,19.3868
hibernate-keyset,1000,74,20.0804
hql-row-value-keyset,1000,74,2.5413
blaze-keyset,1000,74,3.3908
blaze-keyset-with-count,1000,74,36.3327
spring-data-page,1000,74,59.3121
jpa-offset,1000,74,20.5611
blaze-offset,1000,74,19.0536
spring-data-keyset,1000,74,20.7825
hql-row-value-keyset,1000,75,3.0104
blaze-keyset,1000,75,3.4643
blaze-keyset-with-count,1000,75,39.4329
spring-data-page,1000,75,58.7203
jpa-offset,1000,75,19.4746
blaze-offset,1000,75,20.5552
spring-data-keyset,1000,75,19.6383
hibernate-keyset,1000,75,20.3979
blaze-keyset,1000,76,3.4932
blaze-keyset-with-count,1000,76,39.7088
spring-data-page,1000,76,65.6840
jpa-offset,1000,76,20.3462
blaze-offset,1000,76,20.9408
spring-data-keyset,1000,76,21.0773
hibernate-keyset,1000,76,20.9925
hql-row-value-keyset,1000,76,2.6322
blaze-keyset-with-count,1000,77,40.0397
spring-data-page,1000,77,57.1401
jpa-offset,1000,77,18.9374
blaze-offset,1000,77,18.7044
spring-data-keyset,1000,77,18.8752
hibernate-keyset,1000,77,19.8264
hql-row-value-keyset,1000,77,2.6721
blaze-keyset,1000,77,3.3578
spring-data-page,1000,78,60.1585
jpa-offset,1000,78,19.2594
blaze-offset,1000,78,18.3532
spring-data-keyset,1000,78,20.3944
hibernate-keyset,1000,78,19.8372
hql-row-value-keyset,1000,78,2.1598
blaze-keyset,1000,78,2.6994
blaze-keyset-with-count,1000,78,36.3456
jpa-offset,1000,79,18.0396
blaze-offset,1000,79,17.4943
spring-data-keyset,1000,79,16.3882
hibernate-keyset,1000,79,18.7728
hql-row-value-keyset,1000,79,1.7789
blaze-keyset,1000,79,2.1376
blaze-keyset-with-count,1000,79,35.1988
spring-data-page,1000,79,53.1634
blaze-offset,1000,80,18.3261
spring-data-keyset,1000,80,16.1360
hibernate-keyset,1000,80,25.0220
hql-row-value-keyset,1000,80,3.1872
blaze-keyset,1000,80,3.3657
blaze-keyset-with-count,1000,80,44.6962
spring-data-page,1000,80,59.9381
jpa-offset,1000,80,20.8277
spring-data-keyset,1000,81,21.9289
hibernate-keyset,1000,81,21.6444
hql-row-value-keyset,1000,81,2.5825
blaze-keyset,1000,81,3.3754
blaze-keyset-with-count,1000,81,38.9553
spring-data-page,1000,81,61.5160
jpa-offset,1000,81,18.3451
blaze-offset,1000,81,17.9534
hibernate-keyset,1000,82,20.4765
hql-row-value-keyset,1000,82,2.8998
blaze-keyset,1000,82,3.5493
blaze-keyset-with-count,1000,82,51.3102
spring-data-page,1000,82,61.9888
jpa-offset,1000,82,19.8345
blaze-offset,1000,82,18.1014
spring-data-keyset,1000,82,19.7611
hql-row-value-keyset,1000,83,2.4366
blaze-keyset,1000,83,3.0910
blaze-keyset-with-count,1000,83,42.2064
spring-data-page,1000,83,56.6827
jpa-offset,1000,83,18.3699
blaze-offset,1000,83,17.8739
spring-data-keyset,1000,83,18.9250
hibernate-keyset,1000,83,19.0277
blaze-keyset,1000,84,2.8098
blaze-keyset-with-count,1000,84,41.8153
spring-data-page,1000,84,62.4523
jpa-offset,1000,84,17.5666
blaze-offset,1000,84,18.6329
spring-data-keyset,1000,84,17.9148
hibernate-keyset,1000,84,18.3678
hql-row-value-keyset,1000,84,1.8567
blaze-keyset-with-count,1000,85,36.8949
spring-data-page,1000,85,58.0748
jpa-offset,1000,85,20.9182
blaze-offset,1000,85,18.5350
spring-data-keyset,1000,85,22.4873
hibernate-keyset,1000,85,21.7959
hql-row-value-keyset,1000,85,3.0490
blaze-keyset,1000,85,3.7673
spring-data-page,1000,86,57.6857
jpa-offset,1000,86,18.4441
blaze-offset,1000,86,17.8299
spring-data-keyset,1000,86,21.7118
hibernate-keyset,1000,86,23.1616
hql-row-value-keyset,1000,86,3.0577
blaze-keyset,1000,86,4.2742
blaze-keyset-with-count,1000,86,46.0849
jpa-offset,1000,87,18.3137
blaze-offset,1000,87,19.6007
spring-data-keyset,1000,87,19.4738
hibernate-keyset,1000,87,21.4056
hql-row-value-keyset,1000,87,3.6988
blaze-keyset,1000,87,4.4099
blaze-keyset-with-count,1000,87,50.5318
spring-data-page,1000,87,57.5906
blaze-offset,1000,88,18.2429
spring-data-keyset,1000,88,18.5621
hibernate-keyset,1000,88,25.2403
hql-row-value-keyset,1000,88,2.8625
blaze-keyset,1000,88,3.8795
blaze-keyset-with-count,1000,88,38.7032
spring-data-page,1000,88,56.2710
jpa-offset,1000,88,17.8883
spring-data-keyset,1000,89,18.2147
hibernate-keyset,1000,89,18.6115
hql-row-value-keyset,1000,89,2.7507
blaze-keyset,1000,89,3.0139
blaze-keyset-with-count,1000,89,41.6322
spring-data-page,1000,89,55.0387
jpa-offset,1000,89,20.3946
blaze-offset,1000,89,20.3303
hibernate-keyset,1000,90,21.7603
hql-row-value-keyset,1000,90,2.7315
blaze-keyset,1000,90,4.4007
blaze-keyset-with-count,1000,90,41.8233
spring-data-page,1000,90,57.6743
jpa-offset,1000,90,18.6135
blaze-offset,1000,90,19.9765
spring-data-keyset,1000,90,21.8349
hql-row-value-keyset,1000,91,2.5189
blaze-keyset,1000,91,3.8197
blaze-keyset-with-count,1000,91,45.5147
spring-data-page,1000,91,58.9802
jpa-offset,1000,91,18.7983
blaze-offset,1000,91,20.8689
spring-data-keyset,1000,91,23.1949
hibernate-keyset,1000,91,21.0014
blaze-keyset,1000,92,4.1831
blaze-keyset-with-count,1000,92,42.3615
spring-data-page,1000,92,67.0820
jpa-offset,1000,92,20.4717
blaze-offset,1000,92,21.0326
spring-data-keyset,1000,92,19.4301
hibernate-keyset,1000,92,21.6342
hql-row-value-keyset,1000,92,2.9020
blaze-keyset-with-count,1000,93,41.6571
spring-data-page,1000,93,66.1693
jpa-offset,1000,93,21.5385
blaze-offset,1000,93,18.6208
spring-data-keyset,1000,93,18.6419
hibernate-keyset,1000,93,20.1813
hql-row-value-keyset,1000,93,1.9502
blaze-keyset,1000,93,2.3806
spring-data-page,1000,94,58.4479
jpa-offset,1000,94,17.4303
blaze-offset,1000,94,16.9923
spring-data-keyset,1000,94,19.0979
hibernate-keyset,1000,94,22.0879
hql-row-value-keyset,1000,94,2.9376
blaze-keyset,1000,94,3.9957
blaze-keyset-with-count,1000,94,39.3014
jpa-offset,1000,95,19.1922
blaze-offset,1000,95,18.6326
spring-data-keyset,1000,95,20.0385
hibernate-keyset,1000,95,20.8070
hql-row-value-keyset,1000,95,2.2970
blaze-keyset,1000,95,2.8304
blaze-keyset-with-count,1000,95,41.2155
spring-data-page,1000,95,62.6359
blaze-offset,1000,96,22.6026
spring-data-keyset,1000,96,19.1894
hibernate-keyset,1000,96,20.5662
hql-row-value-keyset,1000,96,2.6894
blaze-keyset,1000,96,3.1834
blaze-keyset-with-count,1000,96,45.5488
spring-data-page,1000,96,61.1095
jpa-offset,1000,96,20.7797
spring-data-keyset,1000,97,20.5886
hibernate-keyset,1000,97,25.0896
hql-row-value-keyset,1000,97,2.9044
blaze-keyset,1000,97,3.9056
blaze-keyset-with-count,1000,97,48.1873
spring-data-page,1000,97,65.2091
jpa-offset,1000,97,19.9939
blaze-offset,1000,97,17.6418
hibernate-keyset,1000,98,21.6536
hql-row-value-keyset,1000,98,3.5824
blaze-keyset,1000,98,4.1680
blaze-keyset-with-count,1000,98,49.8279
spring-data-page,1000,98,63.0748
jpa-offset,1000,98,24.1295
blaze-offset,1000,98,22.7394
spring-data-keyset,1000,98,23.5105
hql-row-value-keyset,1000,99,3.4402
blaze-keyset,1000,99,3.5199
blaze-keyset-with-count,1000,99,43.8775
spring-data-page,1000,99,62.2309
jpa-offset,1000,99,19.7345
blaze-offset,1000,99,21.0546
spring-data-keyset,1000,99,19.4303
hibernate-keyset,1000,99,20.7110
blaze-offset,10000,0,193.4217
spring-data-keyset,10000,0,193.3021
hibernate-keyset,10000,0,153.7081
hql-row-value-keyset,10000,0,2.3794
blaze-keyset,10000,0,3.5212
blaze-keyset-with-count,10000,0,39.9370
spring-data-page,10000,0,237.7752
jpa-offset,10000,0,182.6736
spring-data-keyset,10000,1,155.1676
hibernate-keyset,10000,1,151.0441
hql-row-value-keyset,10000,1,2.5693
blaze-keyset,10000,1,2.8846
blaze-keyset-with-count,10000,1,38.5503
spring-data-page,10000,1,185.8975
jpa-offset,10000,1,144.8105
blaze-offset,10000,1,149.4750
hibernate-keyset,10000,2,173.9598
hql-row-value-keyset,10000,2,3.1271
blaze-keyset,10000,2,3.5499
blaze-keyset-with-count,10000,2,38.0790
spring-data-page,10000,2,215.7755
jpa-offset,10000,2,186.1397
blaze-offset,10000,2,167.2014
spring-data-keyset,10000,2,160.8943
hql-row-value-keyset,10000,3,2.0265
blaze-keyset,10000,3,2.5116
blaze-keyset-with-count,10000,3,41.0823
spring-data-page,10000,3,217.8149
jpa-offset,10000,3,135.3372
blaze-offset,10000,3,129.8116
spring-data-keyset,10000,3,134.8190
hibernate-keyset,10000,3,126.8623
blaze-keyset,10000,4,2.8495
blaze-keyset-with-count,10000,4,31.7909
spring-data-page,10000,4,165.2380
jpa-offset,10000,4,139.3499
blaze-offset,10000,4,132.6730
spring-data-keyset,10000,4,132.2812
hibernate-keyset,10000,4,128.7593
hql-row-value-keyset,10000,4,1.9985
blaze-keyset-with-count,10000,5,33.5753
spring-data-page,10000,5,173.0829
jpa-offset,10000,5,141.1064
blaze-offset,10000,5,136.4398
spring-data-keyset,10000,5,132.3013
hibernate-keyset,10000,5,127.4554
hql-row-value-keyset,10000,5,1.8754
blaze-keyset,10000,5,2.2631
spring-data-page,10000,6,173.9275
jpa-offset,10000,6,154.4441
blaze-offset,10000,6,177.9878
spring-data-keyset,10000,6,144.2256
hibernate-keyset,10000,6,158.2010
hql-row-value-keyset,10000,6,1.5490
blaze-keyset,10000,6,2.4201
blaze-keyset-with-count,10000,6,37.0227
jpa-offset,10000,7,145.9484
blaze-offset,10000,7,144.0710
spring-data-keyset,10000,7,140.3693
hibernate-keyset,10000,7,149.2223
hql-row-value-keyset,10000,7,2.0034
blaze-keyset,10000,7,2.9841
blaze-keyset-with-count,10000,7,34.6420
spring-data-page,10000,7,191.3376
blaze-offset,10000,8,137.5239
spring-data-keyset,10000,8,130.4789
hibernate-keyset,10000,8,130.4140
hql-row-value-keyset,10000,8,2.6355
blaze-keyset,10000,8,2.5468
blaze-keyset-with-count,10000,8,43.2559
spring-data-page,10000,8,177.1912
jpa-offset,10000,8,168.6551
spring-data-keyset,10000,9,141.3667
hibernate-keyset,10000,9,146.9264
hql-row-value-keyset,10000,9,1.7249
blaze-keyset,10000,9,2.1244
blaze-keyset-with-count,10000,9,32.9654
spring-data-page,10000,9,171.2191
jpa-offset,10000,9,131.9996
blaze-offset,10000,9,139.7762
hibernate-keyset,10000,10,138.7676
hql-row-value-keyset,10000,10,2.0058
blaze-keyset,10000,10,3.0311
blaze-keyset-with-count,10000,10,42.3414
spring-data-page,10000,10,167.9075
jpa-offset,10000,10,126.1295
blaze-offset,10000,10,137.4034
spring-data-keyset,10000,10,127.4808
hql-row-value-keyset,10000,11,2.0735
blaze-keyset,10000,11,2.4343
blaze-keyset-with-count,10000,11,31.7584
spring-data-page,10000,11,162.5106
jpa-offset,10000,11,137.7285
blaze-offset,10000,11,134.4770
spring-data-keyset,10000,11,130.2043
hibernate-keyset,10000,11,129.3325
blaze-keyset,10000,12,2.2820
blaze-keyset-with-count,10000,12,34.1615
spring-data-page,10000,12,177.2358
jpa-offset,10000,12,132.3205
blaze-offset,10000,12,132.7013
spring-data-keyset,10000,12,136.2711
hibernate-keyset,10000,12,137.0039
hql-row-value-keyset,10000,12,2.2117
blaze-keyset-with-count,10000,13,32.7612
spring-data-page,10000,13,175.3614
jpa-offset,10000,13,134.5174
blaze-offset,10000,13,165.5545
spring-data-keyset,10000,13,136.6894
hibernate-keyset,10000,13,135.0109
hql-row-value-keyset,10000,13,1.7662
blaze-keyset,10000,13,2.6123
spring-data-page,10000,14,170.5216
jpa-offset,10000,14,138.0070
blaze-offset,10000,14,148.6879
spring-data-keyset,10000,14,127.8453
hibernate-keyset,10000,14,139.9923
hql-row-value-keyset,10000,14,1.7960
blaze-keyset,10000,14,2.0674
blaze-keyset-with-count,10000,14,33.6806
jpa-offset,10000,15,140.7778
blaze-offset,10000,15,131.6235
spring-data-keyset,10000,15,131.9472
hibernate-keyset,10000,15,146.3137
hql-row-value-keyset,10000,15,2.9181
blaze-keyset,10000,15,2.9045
blaze-keyset-with-count,10000,15,36.9406
spring-data-page,10000,15,182.4976
blaze-offset,10000,16,139.5762
spring-data-keyset,10000,16,132.3774
hibernate-keyset,10000,16,126.2876
hql-row-value-keyset,10000,16,1.5479
blaze-keyset,10000,16,1.8548
blaze-keyset-with-count,10000,16,27.7417
spring-data-page,10000,16,159.9766
jpa-offset,10000,16,137.0484
spring-data-keyset,10000,17,145.3532
hibernate-keyset,10000,17,132.5401
hql-row-value-keyset,10000,17,1.7654
blaze-keyset,10000,17,2.4890
blaze-keyset-with-count,10000,17,38.6392
spring-data-page,10000,17,175.7009
jpa-offset,10000,17,150.0057
blaze-offset,10000,17,138.4363
hibernate-keyset,10000,18,132.0423
hql-row-value-keyset,10000,18,1.7391
blaze-keyset,10000,18,2.2288
blaze-keyset-with-count,10000,18,32.5775
spring-data-page,10000,18,170.4807
jpa-offset,10000,18,139.0569
blaze-offset,10000,18,140.6821
spring-data-keyset,10000,18,132.0021
hql-row-value-keyset,10000,19,2.2828
blaze-keyset,10000,19,2.1668
blaze-keyset-with-count,10000,19,31.3293
spring-data-page,10000,19,170.7592
jpa-offset,10000,19,180.2285
blaze-offset,10000,19,149.7736
spring-data-keyset,10000,19,154.6427
hibernate-keyset,10000,19,150.4369
blaze-keyset,10000,20,3.1420
blaze-keyset-with-count,10000,20,39.3585
spring-data-page,10000,20,178.7183
jpa-offset,10000,20,133.1629
blaze-offset,10000,20,160.7812
spring-data-keyset,10000,20,134.5799
hibernate-keyset,10000,20,136.8421
hql-row-value-keyset,10000,20,2.1234
blaze-keyset-with-count,10000,21,31.9553
spring-data-page,10000,21,177.4782
jpa-offset,10000,21,143.9016
blaze-offset,10000,21,135.5707
spring-data-keyset,10000,21,133.8118
hibernate-keyset,10000,21,149.8395
hql-row-value-keyset,10000,21,2.6495
blaze-keyset,10000,21,3.0390
spring-data-page,10000,22,180.7583
jpa-offset,10000,22,134.7694
blaze-offset,10000,22,138.8849
spring-data-keyset,10000,22,136.6135
hibernate-keyset,10000,22,138.2141
hql-row-value-keyset,10000,22,1.7169
blaze-keyset,10000,22,2.0029
blaze-keyset-with-count,10000,22,31.9901
jpa-offset,10000,23,135.1905
blaze-offset,10000,23,132.6896
spring-data-keyset,10000,23,148.0021
hibernate-keyset,10000,23,134.6748
hql-row-value-keyset,10000,23,1.6321
blaze-keyset,10000,23,1.8992
blaze-keyset-with-count,10000,23,33.1739
spring-data-page,10000,23,170.3983
blaze-offset,10000,24,136.9922
spring-data-keyset,10000,24,146.0234
hibernate-keyset,10000,24,140.3101
hql-row-value-keyset,10000,24,1.9265
blaze-keyset,10000,24,2.5984
blaze-keyset-with-count,10000,24,31.7995
spring-data-page,10000,24,179.1855
jpa-offset,10000,24,139.9750
spring-data-keyset,10000,25,138.0431
hibernate-keyset,10000,25,139.2242
hql-row-value-keyset,10000,25,1.9293
blaze-keyset,10000,25,2.7174
blaze-keyset-with-count,10000,25,34.0798
spring-data-page,10000,25,169.2439
jpa-offset,10000,25,143.9642
blaze-offset,10000,25,134.3670
hibernate-keyset,10000,26,137.4373
hql-row-value-keyset,10000,26,2.7672
blaze-keyset,10000,26,3.0322
blaze-keyset-with-count,10000,26,36.1274
spring-data-page,10000,26,173.4270
jpa-offset,10000,26,148.4429
blaze-offset,10000,26,139.8324
spring-data-keyset,10000,26,134.6832
hql-row-value-keyset,10000,27,2.8715
blaze-keyset,10000,27,3.1312
blaze-keyset-with-count,10000,27,36.0744
spring-data-page,10000,27,183.8076
jpa-offset,10000,27,137.0092
blaze-offset,10000,27,135.4384
spring-data-keyset,10000,27,134.0509
hibernate-keyset,10000,27,130.1681
blaze-keyset,10000,28,2.6674
blaze-keyset-with-count,10000,28,32.9940
spring-data-page,10000,28,170.1362
jpa-offset,10000,28,131.7066
blaze-offset,10000,28,142.1418
spring-data-keyset,10000,28,134.9593
hibernate-keyset,10000,28,135.7639
hql-row-value-keyset,10000,28,1.9552
blaze-keyset-with-count,10000,29,33.8892
spring-data-page,10000,29,178.1893
jpa-offset,10000,29,136.4052
blaze-offset,10000,29,139.6487
spring-data-keyset,10000,29,133.4542
hibernate-keyset,10000,29,143.1950
hql-row-value-keyset,10000,29,2.1115
blaze-keyset,10000,29,2.8345
spring-data-page,10000,30,174.3264
jpa-offset,10000,30,139.5665
blaze-offset,10000,30,142.0140
spring-data-keyset,10000,30,144.6363
hibernate-keyset,10000,30,134.8645
hql-row-value-keyset,10000,30,1.9849
blaze-keyset,10000,30,2.5007
blaze-keyset-with-count,10000,30,30.8212
jpa-offset,10000,31,138.9716
blaze-offset,10000,31,124.4166
spring-data-keyset,10000,31,133.6530
hibernate-keyset,10000,31,124.8110
hql-row-value-keyset,10000,31,2.4502
blaze-keyset,10000,31,2.7226
blaze-keyset-with-count,10000,31,31.2851
spring-data-page,10000,31,148.5770
blaze-offset,10000,32,120.1447
spring-data-keyset,10000,32,119.6783
hibernate-keyset,10000,32,148.9719
hql-row-value-keyset,10000,32,1.6315
blaze-keyset,10000,32,2.7593
blaze-keyset-with-count,10000,32,29.2243
spring-data-page,10000,32,147.0352
jpa-offset,10000,32,130.4899
spring-data-keyset,10000,33,125.7112
hibernate-keyset,10000,33,120.3279
hql-row-value-keyset,10000,33,1.6492
blaze-keyset,10000,33,2.5561
blaze-keyset-with-count,10000,33,30.1969
spring-data-page,10000,33,176.2535
jpa-offset,10000,33,140.5414
blaze-offset,10000,33,130.9159
hibernate-keyset,10000,34,125.6094
hql-row-value-keyset,10000,34,1.6242
blaze-keyset,10000,34,2.1986
blaze-keyset-with-count,10000,34,29.3143
spring-data-page,10000,34,162.0213
jpa-offset,10000,34,121.1396
blaze-offset,10000,34,121.5619
spring-data-keyset,10000,34,120.0257
hql-row-value-keyset,10000,35,1.5217
blaze-keyset,10000,35,1.6697
blaze-keyset-with-count,10000,35,28.8065
spring-data-page,10000,35,153.5602
jpa-offset,10000,35,143.2923
blaze-offset,10000,35,128.8178
spring-data-keyset,10000,35,122.4307
hibernate-keyset,10000,35,137.6048
blaze-keyset,10000,36,2.2633
blaze-keyset-with-count,10000,36,32.0715
spring-data-page,10000,36,148.4981
jpa-offset,10000,36,121.1928
blaze-offset,10000,36,120.7066
spring-data-keyset,10000,36,116.0030
hibernate-keyset,10000,36,125.3393
hql-row-value-keyset,10000,36,1.8200
blaze-keyset-with-count,10000,37,28.9041
spring-data-page,10000,37,146.4829
jpa-offset,10000,37,121.6131
blaze-offset,10000,37,118.3281
spring-data-keyset,10000,37,115.1578
hibernate-keyset,10000,37,122.9447
hql-row-value-keyset,10000,37,1.7329
blaze-keyset,10000,37,2.3989
spring-data-page,10000,38,154.3341
jpa-offset,10000,38,117.7298
blaze-offset,10000,38,120.0311
spring-data-keyset,10000,38,117.8896
hibernate-keyset,10000,38,120.4390
hql-row-value-keyset,10000,38,1.8147
blaze-keyset,10000,38,2.0205
blaze-keyset-with-count,10000,38,27.7254
jpa-offset,10000,39,119.4423
blaze-offset,10000,39,122.2872
spring-data-keyset,10000,39,129.8313
hibernate-keyset,10000,39,121.6950
hql-row-value-keyset,10000,39,1.5239
blaze-keyset,10000,39,1.9264
blaze-keyset-with-count,10000,39,27.8189
spring-data-page,10000,39,145.8856
blaze-offset,10000,40,116.9382
spring-data-keyset,10000,40,115.7080
hibernate-keyset,10000,40,123.8537
hql-row-value-keyset,10000,40,1.9518
blaze-keyset,10000,40,1.7262
blaze-keyset-with-count,10000,40,28.9949
spring-data-page,10000,40,150.5623
jpa-offset,10000,40,138.4677
spring-data-keyset,10000,41,123.6875
hibernate-keyset,10000,41,124.9690
hql-row-value-keyset,10000,41,1.7026
blaze-keyset,10000,41,3.0003
blaze-keyset-with-count,10000,41,28.7532
spring-data-page,10000,41,151.5549
jpa-offset,10000,41,123.4788
blaze-offset,10000,41,129.8153
hibernate-keyset,10000,42,125.0264
hql-row-value-keyset,10000,42,1.7727
blaze-keyset,10000,42,1.8095
blaze-keyset-with-count,10000,42,31.4362
spring-data-page,10000,42,158.3867
jpa-offset,10000,42,124.6801
blaze-offset,10000,42,129.4230
spring-data-keyset,10000,42,118.6011
hql-row-value-keyset,10000,43,1.4752
blaze-keyset,10000,43,2.0031
blaze-keyset-with-count,10000,43,28.9637
spring-data-page,10000,43,149.2302
jpa-offset,10000,43,120.7424
blaze-offset,10000,43,118.8205
spring-data-keyset,10000,43,118.6351
hibernate-keyset,10000,43,123.1323
blaze-keyset,10000,44,2.3527
blaze-keyset-with-count,10000,44,28.3321
spring-data-page,10000,44,148.3426
jpa-offset,10000,44,120.4981
blaze-offset,10000,44,115.3503
spring-data-keyset,10000,44,120.3601
hibernate-keyset,10000,44,123.6974
hql-row-value-keyset,10000,44,1.8934
blaze-keyset-with-count,10000,45,29.8841
spring-data-page,10000,45,149.2924
jpa-offset,10000,45,124.8705
blaze-offset,10000,45,113.7448
spring-data-keyset,10000,45,116.4699
hibernate-keyset,10000,45,117.4715
hql-row-value-keyset,10000,45,1.3756
blaze-keyset,10000,45,1.9075
spring-data-page,10000,46,145.9159
jpa-offset,10000,46,118.0906
blaze-offset,10000,46,118.6849
spring-data-keyset,10000,46,117.7240
hibernate-keyset,10000,46,120.5082
hql-row-value-keyset,10000,46,1.7013
blaze-keyset,10000,46,1.9445
blaze-keyset-with-count,10000,46,28.6695
jpa-offset,10000,47,138.4444
blaze-offset,10000,47,130.0286
spring-data-keyset,10000,47,97.5295
hibernate-keyset,10000,47,99.8576
hql-row-value-keyset,10000,47,1.5427
blaze-keyset,10000,47,1.8140
blaze-keyset-with-count,10000,47,28.7508
spring-data-page,10000,47,136.3484
blaze-offset,10000,48,105.2080
spring-data-keyset,10000,48,96.9239
hibernate-keyset,10000,48,118.8741
hql-row-value-keyset,10000,48,1.5363
blaze-keyset,10000,48,1.7451
blaze-keyset-with-count,10000,48,28.6616
spring-data-page,10000,48,131.3217
jpa-offset,10000,48,115.5433
spring-data-keyset,10000,49,101.2514
hibernate-keyset,10000,49,102.9715
hql-row-value-keyset,10000,49,1.4525
blaze-keyset,10000,49,1.7446
blaze-keyset-with-count,10000,49,28.1889
spring-data-page,10000,49,128.0224
jpa-offset,10000,49,99.3894
blaze-offset,10000,49,104.1139
hibernate-keyset,10000,50,96.7474
hql-row-value-keyset,10000,50,1.3524
blaze-keyset,10000,50,2.2105
blaze-keyset-with-count,10000,50,29.0365
spring-data-page,10000,50,128.0187
jpa-offset,10000,50,126.6060
blaze-offset,10000,50,120.6334
spring-data-keyset,10000,50,111.6417
hql-row-value-keyset,10000,51,1.5597
blaze-keyset,10000,51,1.8101
blaze-keyset-with-count,10000,51,28.2909
spring-data-page,10000,51,133.9453
jpa-offset,10000,51,101.0058
blaze-offset,10000,51,96.6939
spring-data-keyset,10000,51,94.2887
hibernate-keyset,10000,51,101.0670
blaze-keyset,10000,52,1.8677
blaze-keyset-with-count,10000,52,27.0300
spring-data-page,10000,52,130.4292
jpa-offset,10000,52,103.0930
blaze-offset,10000,52,108.9940
spring-data-keyset,10000,52,118.5433
hibernate-keyset,10000,52,100.4961
hql-row-value-keyset,10000,52,1.7684
blaze-keyset-with-count,10000,53,28.5244
spring-data-page,10000,53,135.4502
jpa-offset,10000,53,104.3461
blaze-offset,10000,53,98.7478
spring-data-keyset,10000,53,103.3792
hibernate-keyset,10000,53,97.2580
hql-row-value-keyset,10000,53,1.2656
blaze-keyset,10000,53,1.5312
spring-data-page,10000,54,139.3305
jpa-offset,10000,54,102.3446
blaze-offset,10000,54,108.3389
spring-data-keyset,10000,54,102.1160
hibernate-keyset,10000,54,105.2389
hql-row-value-keyset,10000,54,1.2117
blaze-keyset,10000,54,1.5755
blaze-keyset-with-count,10000,54,27.0598
jpa-offset,10000,55,110.3847
blaze-offset,10000,55,98.0014
spring-data-keyset,10000,55,92.1613
hibernate-keyset,10000,55,112.3277
hql-row-value-keyset,10000,55,1.5596
blaze-keyset,10000,55,1.5596
blaze-keyset-with-count,10000,55,27.6870
spring-data-page,10000,55,142.0874
blaze-offset,10000,56,102.4661
spring-data-keyset,10000,56,99.5809
hibernate-keyset,10000,56,100.3166
hql-row-value-keyset,10000,56,1.4705
blaze-keyset,10000,56,1.8580
blaze-keyset-with-count,10000,56,29.1731
spring-data-page,10000,56,131.1046
jpa-offset,10000,56,101.0233
spring-data-keyset,10000,57,108.2220
hibernate-keyset,10000,57,104.4599
hql-row-value-keyset,10000,57,1.5391
blaze-keyset,10000,57,1.6225
blaze-keyset-with-count,10000,57,27.4978
spring-data-page,10000,57,132.3946
jpa-offset,10000,57,97.9477
blaze-offset,10000,57,90.4376
hibernate-keyset,10000,58,102.9580
hql-row-value-keyset,10000,58,1.4091
blaze-keyset,10000,58,2.0931
blaze-keyset-with-count,10000,58,29.5109
spring-data-page,10000,58,133.3030
jpa-offset,10000,58,108.7941
blaze-offset,10000,58,100.3159
spring-data-keyset,10000,58,98.3346
hql-row-value-keyset,10000,59,1.5391
blaze-keyset,10000,59,1.9245
blaze-keyset-with-count,10000,59,28.9374
spring-data-page,10000,59,128.0182
jpa-offset,10000,59,99.9349
blaze-offset,10000,59,98.0781
spring-data-keyset,10000,59,96.2025
hibernate-keyset,10000,59,100.3673
blaze-keyset,10000,60,1.7330
blaze-keyset-with-count,10000,60,27.4716
spring-data-page,10000,60,133.1619
jpa-offset,10000,60,97.8087
blaze-offset,10000,60,92.6206
spring-data-keyset,10000,60,105.2481
hibernate-keyset,10000,60,95.7779
hql-row-value-keyset,10000,60,1.2100
blaze-keyset-with-count,10000,61,28.2190
spring-data-page,10000,61,129.8116
jpa-offset,10000,61,95.2633
blaze-offset,10000,61,100.3461
spring-data-keyset,10000,61,101.4123
hibernate-keyset,10000,61,103.0708
hql-row-value-keyset,10000,61,1.4950
blaze-keyset,10000,61,1.7508
spring-data-page,10000,62,125.0370
jpa-offset,10000,62,100.7575
blaze-offset,10000,62,104.6467
spring-data-keyset,10000,62,96.4518
hibernate-keyset,10000,62,92.9712
hql-row-value-keyset,10000,62,1.5366
blaze-keyset,10000,62,1.7771
blaze-keyset-with-count,10000,62,27.9626
jpa-offset,10000,63,99.1114
blaze-offset,10000,63,92.3200
spring-data-keyset,10000,63,94.8109
hibernate-keyset,10000,63,101.0695
hql-row-value-keyset,10000,63,1.3270
blaze-keyset,10000,63,1.3879
blaze-keyset-with-count,10000,63,26.9629
spring-data-page,10000,63,126.1607
blaze-offset,10000,64,104.2229
spring-data-keyset,10000,64,100.2984
hibernate-keyset,10000,64,105.7830
hql-row-value-keyset,10000,64,1.6077
blaze-keyset,10000,64,1.8648
blaze-keyset-with-count,10000,64,32.2096
spring-data-page,10000,64,155.6919
jpa-offset,10000,64,102.4740
spring-data-keyset,10000,65,111.0515
hibernate-keyset,10000,65,107.3394
hql-row-value-keyset,10000,65,1.7015
blaze-keyset,10000,65,2.0295
blaze-keyset-with-count,10000,65,28.5796
spring-data-page,10000,65,128.4624
jpa-offset,10000,65,98.7731
blaze-offset,10000,65,97.5138
hibernate-keyset,10000,66,114.4774
hql-row-value-keyset,10000,66,1.2048
blaze-keyset,10000,66,1.5671
blaze-keyset-with-count,10000,66,27.2282
spring-data-page,10000,66,131.8706
jpa-offset,10000,66,97.3868
blaze-offset,10000,66,95.1819
spring-data-keyset,10000,66,95.8695
hql-row-value-keyset,10000,67,1.4607
blaze-keyset,10000,67,1.5479
blaze-keyset-with-count,10000,67,28.5573
spring-data-page,10000,67,145.0067
jpa-offset,10000,67,98.2935
blaze-offset,10000,67,91.3389
spring-data-keyset,10000,67,97.8196
hibernate-keyset,10000,67,100.8804
blaze-keyset,10000,68,2.3269
blaze-keyset-with-count,10000,68,28.4855
spring-data-page,10000,68,157.6597
jpa-offset,10000,68,111.2003
blaze-offset,10000,68,97.9917
spring-data-keyset,10000,68,100.6398
hibernate-keyset,10000,68,98.3252
hql-row-value-keyset,10000,68,1.3713
blaze-keyset-with-count,10000,69,28.7863
spring-data-page,10000,69,130.4350
jpa-offset,10000,69,114.7548
blaze-offset,10000,69,103.4669
spring-data-keyset,10000,69,101.8946
hibernate-keyset,10000,69,95.8209
hql-row-value-keyset,10000,69,1.7289
blaze-keyset,10000,69,1.6052
spring-data-page,10000,70,129.9575
jpa-offset,10000,70,101.6537
blaze-offset,10000,70,94.5920
spring-data-keyset,10000,70,103.7329
hibernate-keyset,10000,70,94.4695
hql-row-value-keyset,10000,70,1.3033
blaze-keyset,10000,70,1.8288
blaze-keyset-with-count,10000,70,28.1353
jpa-offset,10000,71,94.9073
blaze-offset,10000,71,110.0438
spring-data-keyset,10000,71,98.4190
hibernate-keyset,10000,71,95.8879
hql-row-value-keyset,10000,71,1.8923
blaze-keyset,10000,71,1.6664
blaze-keyset-with-count,10000,71,28.2403
spring-data-page,10000,71,126.7748
blaze-offset,10000,72,103.0063
spring-data-keyset,10000,72,101.7123
hibernate-keyset,10000,72,101.5058
hql-row-value-keyset,10000,72,1.1473
blaze-keyset,10000,72,1.4832
blaze-keyset-with-count,10000,72,27.8458
spring-data-page,10000,72,128.7053
jpa-offset,10000,72,98.6417
spring-data-keyset,10000,73,102.3929
hibernate-keyset,10000,73,95.2786
hql-row-value-keyset,10000,73,1.5146
blaze-keyset,10000,73,1.7511
blaze-keyset-with-count,10000,73,27.9339
spring-data-page,10000,73,127.9909
jpa-offset,10000,73,97.6523
blaze-offset,10000,73,97.4082
hibernate-keyset,10000,74,94.9656
hql-row-value-keyset,10000,74,1.3331
blaze-keyset,10000,74,1.5577
blaze-keyset-with-count,10000,74,27.6465
spring-data-page,10000,74,134.5180
jpa-offset,10000,74,93.2729
blaze-offset,10000,74,96.4624
spring-data-keyset,10000,74,105.8421
hql-row-value-keyset,10000,75,1.3670
blaze-keyset,10000,75,2.0283
blaze-keyset-with-count,10000,75,28.6219
spring-data-page,10000,75,137.6109
jpa-offset,10000,75,98.9155
blaze-offset,10000,75,97.0756
spring-data-keyset,10000,75,101.5150
hibernate-keyset,10000,75,103.4222
blaze-keyset,10000,76,2.1473
blaze-keyset-with-count,10000,76,27.3649
spring-data-page,10000,76,130.0814
jpa-offset,10000,76,101.5045
blaze-offset,10000,76,95.1689
spring-data-keyset,10000,76,100.4056
hibernate-keyset,10000,76,95.7501
hql-row-value-keyset,10000,76,1.5636
blaze-keyset-with-count,10000,77,27.5011
spring-data-page,10000,77,128.6655
jpa-offset,10000,77,98.5622
blaze-offset,10000,77,92.8482
spring-data-keyset,10000,77,101.9175
hibernate-keyset,10000,77,98.2958
hql-row-value-keyset,10000,77,1.2497
blaze-keyset,10000,77,1.6359
spring-data-page,10000,78,126.9030
jpa-offset,10000,78,99.6816
blaze-offset,10000,78,106.1589
spring-data-keyset,10000,78,100.1156
hibernate-keyset,10000,78,101.3426
hql-row-value-keyset,10000,78,1.2668
blaze-keyset,10000,78,1.4868
blaze-keyset-with-count,10000,78,28.0438
jpa-offset,10000,79,98.1482
blaze-offset,10000,79,100.7546
spring-data-keyset,10000,79,96.8183
hibernate-keyset,10000,79,106.9370
hql-row-value-keyset,10000,79,1.3176
blaze-keyset,10000,79,1.4833
blaze-keyset-with-count,10000,79,27.3949
spring-data-page,10000,79,136.0921
blaze-offset,10000,80,104.7688
spring-data-keyset,10000,80,103.7676
hibernate-keyset,10000,80,100.1134
hql-row-value-keyset,10000,80,1.6612
blaze-keyset,10000,80,1.7189
blaze-keyset-with-count,10000,80,27.9123
spring-data-page,10000,80,129.4732
jpa-offset,10000,80,99.5958
spring-data-keyset,10000,81,100.3527
hibernate-keyset,10000,81,100.1419
hql-row-value-keyset,10000,81,1.5394
blaze-keyset,10000,81,2.3623
blaze-keyset-with-count,10000,81,28.2144
spring-data-page,10000,81,141.7309
jpa-offset,10000,81,105.9744
blaze-offset,10000,81,95.8134
hibernate-keyset,10000,82,130.0215
hql-row-value-keyset,10000,82,1.3364
blaze-keyset,10000,82,1.9730
blaze-keyset-with-count,10000,82,31.6499
spring-data-page,10000,82,143.2985
jpa-offset,10000,82,99.3365
blaze-offset,10000,82,98.0274
spring-data-keyset,10000,82,108.2084
hql-row-value-keyset,10000,83,2.4551
blaze-keyset,10000,83,1.9513
blaze-keyset-with-count,10000,83,30.5694
spring-data-page,10000,83,131.0717
jpa-offset,10000,83,102.3967
blaze-offset,10000,83,97.8787
spring-data-keyset,10000,83,104.6575
hibernate-keyset,10000,83,116.6290
blaze-keyset,10000,84,1.8196
blaze-keyset-with-count,10000,84,26.9290
spring-data-page,10000,84,135.6101
jpa-offset,10000,84,100.1991
blaze-offset,10000,84,98.3944
spring-data-keyset,10000,84,100.4076
hibernate-keyset,10000,84,102.4605
hql-row-value-keyset,10000,84,1.3760
blaze-keyset-with-count,10000,85,26.8265
spring-data-page,10000,85,129.5823
jpa-offset,10000,85,103.9107
blaze-offset,10000,85,101.3810
spring-data-keyset,10000,85,122.7612
hibernate-keyset,10000,85,114.0101
hql-row-value-keyset,10000,85,1.6025
blaze-keyset,10000,85,1.7287
spring-data-page,10000,86,134.2000
jpa-offset,10000,86,104.2669
blaze-offset,10000,86,101.4481
spring-data-keyset,10000,86,99.9546
hibernate-keyset,10000,86,104.1031
hql-row-value-keyset,10000,86,1.7065
blaze-keyset,10000,86,1.6360
blaze-keyset-with-count,10000,86,28.6621
jpa-offset,10000,87,112.2320
blaze-offset,10000,87,127.6891
spring-data-keyset,10000,87,111.0809
hibernate-keyset,10000,87,109.7305
hql-row-value-keyset,10000,87,1.2832
blaze-keyset,10000,87,1.8565
blaze-keyset-with-count,10000,87,28.8908
spring-data-page,10000,87,142.4775
blaze-offset,10000,88,122.9196
spring-data-keyset,10000,88,108.9395
hibernate-keyset,10000,88,117.8233
hql-row-value-keyset,10000,88,1.6967
blaze-keyset,10000,88,1.7720
blaze-keyset-with-count,10000,88,28.3997
spring-data-page,10000,88,144.4242
jpa-offset,10000,88,126.4501
spring-data-keyset,10000,89,109.0498
hibernate-keyset,10000,89,121.0381
hql-row-value-keyset,10000,89,1.9872
blaze-keyset,10000,89,2.0001
blaze-keyset-with-count,10000,89,29.5331
spring-data-page,10000,89,151.1238
jpa-offset,10000,89,121.9239
blaze-offset,10000,89,115.6454
hibernate-keyset,10000,90,123.6816
hql-row-value-keyset,10000,90,1.8063
blaze-keyset,10000,90,1.6965
blaze-keyset-with-count,10000,90,27.2904
spring-data-page,10000,90,136.4965
jpa-offset,10000,90,103.3061
blaze-offset,10000,90,99.7563
spring-data-keyset,10000,90,99.4698
hql-row-value-keyset,10000,91,1.1923
blaze-keyset,10000,91,1.7342
blaze-keyset-with-count,10000,91,27.7210
spring-data-page,10000,91,139.3991
jpa-offset,10000,91,102.2090
blaze-offset,10000,91,104.0155
spring-data-keyset,10000,91,111.4822
hibernate-keyset,10000,91,116.3544
blaze-keyset,10000,92,2.5553
blaze-keyset-with-count,10000,92,29.2211
spring-data-page,10000,92,168.4267
jpa-offset,10000,92,121.8303
blaze-offset,10000,92,113.0508
spring-data-keyset,10000,92,120.6512
hibernate-keyset,10000,92,123.9328
hql-row-value-keyset,10000,92,1.6768
blaze-keyset-with-count,10000,93,28.4370
spring-data-page,10000,93,134.5000
jpa-offset,10000,93,106.8980
blaze-offset,10000,93,103.8806
spring-data-keyset,10000,93,108.3274
hibernate-keyset,10000,93,104.2159
hql-row-value-keyset,10000,93,1.3723
blaze-keyset,10000,93,1.5099
spring-data-page,10000,94,133.2573
jpa-offset,10000,94,105.0455
blaze-offset,10000,94,107.8416
spring-data-keyset,10000,94,96.8816
hibernate-keyset,10000,94,101.9231
hql-row-value-keyset,10000,94,1.2957
blaze-keyset,10000,94,1.6566
blaze-keyset-with-count,10000,94,27.6051
jpa-offset,10000,95,107.6217
blaze-offset,10000,95,97.8024
spring-data-keyset,10000,95,105.7528
hibernate-keyset,10000,95,102.6397
hql-row-value-keyset,10000,95,1.5250
blaze-keyset,10000,95,1.5020
blaze-keyset-with-count,10000,95,28.0960
spring-data-page,10000,95,132.2645
blaze-offset,10000,96,105.6196
spring-data-keyset,10000,96,107.8382
hibernate-keyset,10000,96,107.5112
hql-row-value-keyset,10000,96,1.3584
blaze-keyset,10000,96,1.7817
blaze-keyset-with-count,10000,96,27.6273
spring-data-page,10000,96,139.7675
jpa-offset,10000,96,114.4846
spring-data-keyset,10000,97,106.3184
hibernate-keyset,10000,97,104.5218
hql-row-value-keyset,10000,97,1.7087
blaze-keyset,10000,97,1.7399
blaze-keyset-with-count,10000,97,28.1079
spring-data-page,10000,97,134.9930
jpa-offset,10000,97,108.2423
blaze-offset,10000,97,106.9652
hibernate-keyset,10000,98,99.8704
hql-row-value-keyset,10000,98,1.5383
blaze-keyset,10000,98,2.0152
blaze-keyset-with-count,10000,98,28.2106
spring-data-page,10000,98,137.1781
jpa-offset,10000,98,112.4988
blaze-offset,10000,98,138.3698
spring-data-keyset,10000,98,109.5281
hql-row-value-keyset,10000,99,1.5657
blaze-keyset,10000,99,1.8523
blaze-keyset-with-count,10000,99,28.4237
spring-data-page,10000,99,148.7728
jpa-offset,10000,99,102.8385
blaze-offset,10000,99,105.6349
spring-data-keyset,10000,99,100.1014
hibernate-keyset,10000,99,104.3821
blaze-offset,25000,0,252.4092
spring-data-keyset,25000,0,257.6738
hibernate-keyset,25000,0,252.4833
hql-row-value-keyset,25000,0,1.6434
blaze-keyset,25000,0,1.9896
blaze-keyset-with-count,25000,0,28.2187
spring-data-page,25000,0,280.5390
jpa-offset,25000,0,259.9861
spring-data-keyset,25000,1,251.5834
hibernate-keyset,25000,1,246.1126
hql-row-value-keyset,25000,1,1.2362
blaze-keyset,25000,1,1.9825
blaze-keyset-with-count,25000,1,27.5834
spring-data-page,25000,1,302.4078
jpa-offset,25000,1,253.8318
blaze-offset,25000,1,256.6704
hibernate-keyset,25000,2,258.7826
hql-row-value-keyset,25000,2,1.4022
blaze-keyset,25000,2,1.8381
blaze-keyset-with-count,25000,2,27.3469
spring-data-page,25000,2,288.8744
jpa-offset,25000,2,256.6299
blaze-offset,25000,2,258.9647
spring-data-keyset,25000,2,251.4582
hql-row-value-keyset,25000,3,1.4918
blaze-keyset,25000,3,1.7012
blaze-keyset-with-count,25000,3,27.7700
spring-data-page,25000,3,285.4757
jpa-offset,25000,3,255.7774
blaze-offset,25000,3,265.9774
spring-data-keyset,25000,3,244.0825
hibernate-keyset,25000,3,245.4345
blaze-keyset,25000,4,2.3744
blaze-keyset-with-count,25000,4,28.4728
spring-data-page,25000,4,286.7431
jpa-offset,25000,4,295.9542
blaze-offset,25000,4,244.2960
spring-data-keyset,25000,4,254.9087
hibernate-keyset,25000,4,269.5111
hql-row-value-keyset,25000,4,2.0844
blaze-keyset-with-count,25000,5,29.1905
spring-data-page,25000,5,288.6845
jpa-offset,25000,5,275.4513
blaze-offset,25000,5,250.9982
spring-data-keyset,25000,5,246.4792
hibernate-keyset,25000,5,282.9638
hql-row-value-keyset,25000,5,1.7503
blaze-keyset,25000,5,1.7757
spring-data-page,25000,6,283.7162
jpa-offset,25000,6,247.9007
blaze-offset,25000,6,250.5607
spring-data-keyset,25000,6,255.1384
hibernate-keyset,25000,6,258.5272
hql-row-value-keyset,25000,6,1.3854
blaze-keyset,25000,6,1.8456
blaze-keyset-with-count,25000,6,28.0793
jpa-offset,25000,7,267.9400
blaze-offset,25000,7,251.0848
spring-data-keyset,25000,7,238.0118
hibernate-keyset,25000,7,252.3822
hql-row-value-keyset,25000,7,1.6167
blaze-keyset,25000,7,1.7377
blaze-keyset-with-count,25000,7,28.4941
spring-data-page,25000,7,290.1732
blaze-offset,25000,8,249.2448
spring-data-keyset,25000,8,243.5825
hibernate-keyset,25000,8,249.7597
hql-row-value-keyset,25000,8,1.3711
blaze-keyset,25000,8,1.9766
blaze-keyset-with-count,25000,8,27.7425
spring-data-page,25000,8,275.8529
jpa-offset,25000,8,241.7236
spring-data-keyset,25000,9,266.2590
hibernate-keyset,25000,9,247.1694
hql-row-value-keyset,25000,9,1.4589
blaze-keyset,25000,9,1.9493
blaze-keyset-with-count,25000,9,27.6430
spring-data-page,25000,9,277.8903
jpa-offset,25000,9,249.1443
blaze-offset,25000,9,244.3288
hibernate-keyset,25000,10,249.4988
hql-row-value-keyset,25000,10,1.2255
blaze-keyset,25000,10,1.9506
blaze-keyset-with-count,25000,10,28.2548
spring-data-page,25000,10,280.2327
jpa-offset,25000,10,249.2355
blaze-offset,25000,10,250.4785
spring-data-keyset,25000,10,253.6288
hql-row-value-keyset,25000,11,1.4477
blaze-keyset,25000,11,1.5950
blaze-keyset-with-count,25000,11,28.2810
spring-data-page,25000,11,280.7580
jpa-offset,25000,11,248.8812
blaze-offset,25000,11,243.4378
spring-data-keyset,25000,11,253.7882
hibernate-keyset,25000,11,303.0405
blaze-keyset,25000,12,2.0921
blaze-keyset-with-count,25000,12,28.0607
spring-data-page,25000,12,289.9303
jpa-offset,25000,12,260.0465
blaze-offset,25000,12,246.8590
spring-data-keyset,25000,12,256.0971
hibernate-keyset,25000,12,261.2344
hql-row-value-keyset,25000,12,1.4165
blaze-keyset-with-count,25000,13,27.7903
spring-data-page,25000,13,280.9643
jpa-offset,25000,13,277.7652
blaze-offset,25000,13,259.5498
spring-data-keyset,25000,13,243.4408
hibernate-keyset,25000,13,250.4661
hql-row-value-keyset,25000,13,1.6195
blaze-keyset,25000,13,1.7363
spring-data-page,25000,14,278.6501
jpa-offset,25000,14,249.9419
blaze-offset,25000,14,253.7879
spring-data-keyset,25000,14,254.8826
hibernate-keyset,25000,14,257.5005
hql-row-value-keyset,25000,14,1.7713
blaze-keyset,25000,14,1.7329
blaze-keyset-with-count,25000,14,27.8151
jpa-offset,25000,15,250.2078
blaze-offset,25000,15,248.0345
spring-data-keyset,25000,15,250.9197
hibernate-keyset,25000,15,241.5637
hql-row-value-keyset,25000,15,1.3343
blaze-keyset,25000,15,1.4870
blaze-keyset-with-count,25000,15,28.0678
spring-data-page,25000,15,279.8010
blaze-offset,25000,16,244.7796
spring-data-keyset,25000,16,254.3226
hibernate-keyset,25000,16,252.2694
hql-row-value-keyset,25000,16,1.7599
blaze-keyset,25000,16,1.7851
blaze-keyset-with-count,25000,16,28.7503
spring-data-page,25000,16,288.5617
jpa-offset,25000,16,258.8535
spring-data-keyset,25000,17,253.6503
hibernate-keyset,25000,17,250.4794
hql-row-value-keyset,25000,17,1.4960
blaze-keyset,25000,17,1.7159
blaze-keyset-with-count,25000,17,28.0555
spring-data-page,25000,17,284.1290
jpa-offset,25000,17,254.1263
blaze-offset,25000,17,244.1309
hibernate-keyset,25000,18,250.0570
hql-row-value-keyset,25000,18,1.5514
blaze-keyset,25000,18,2.1901
blaze-keyset-with-count,25000,18,28.0451
spring-data-page,25000,18,282.1368
jpa-offset,25000,18,257.4785
blaze-offset,25000,18,243.2985
spring-data-keyset,25000,18,248.3119
hql-row-value-keyset,25000,19,2.4204
blaze-keyset,25000,19,2.0658
blaze-keyset-with-count,25000,19,28.6031
spring-data-page,25000,19,280.0245
jpa-offset,25000,19,296.4835
blaze-offset,25000,19,257.1203
spring-data-keyset,25000,19,274.5918
hibernate-keyset,25000,19,249.5483
blaze-keyset,25000,20,1.7868
blaze-keyset-with-count,25000,20,27.8614
spring-data-page,25000,20,284.1490
jpa-offset,25000,20,248.7828
blaze-offset,25000,20,262.3040
spring-data-keyset,25000,20,244.3112
hibernate-keyset,25000,20,283.2370
hql-row-value-keyset,25000,20,1.9986
blaze-keyset-with-count,25000,21,29.5477
spring-data-page,25000,21,282.0204
jpa-offset,25000,21,274.2236
blaze-offset,25000,21,261.1121
spring-data-keyset,25000,21,247.8942
hibernate-keyset,25000,21,248.6894
hql-row-value-keyset,25000,21,1.8473
blaze-keyset,25000,21,1.7003
spring-data-page,25000,22,275.4879
jpa-offset,25000,22,254.0326
blaze-offset,25000,22,243.6419
spring-data-keyset,25000,22,250.9964
hibernate-keyset,25000,22,246.9854
hql-row-value-keyset,25000,22,1.6412
blaze-keyset,25000,22,1.7212
blaze-keyset-with-count,25000,22,27.6932
jpa-offset,25000,23,243.9795
blaze-offset,25000,23,250.2046
spring-data-keyset,25000,23,250.0367
hibernate-keyset,25000,23,270.3690
hql-row-value-keyset,25000,23,1.3648
blaze-keyset,25000,23,1.4434
blaze-keyset-with-count,25000,23,27.6442
spring-data-page,25000,23,283.8465
blaze-offset,25000,24,257.3603
spring-data-keyset,25000,24,287.4310
hibernate-keyset,25000,24,274.2800
hql-row-value-keyset,25000,24,1.4642
blaze-keyset,25000,24,1.7557
blaze-keyset-with-count,25000,24,28.3386
spring-data-page,25000,24,287.7778
jpa-offset,25000,24,258.7205
spring-data-keyset,25000,25,246.7895
hibernate-keyset,25000,25,254.2329
hql-row-value-keyset,25000,25,1.4709
blaze-keyset,25000,25,1.8441
blaze-keyset-with-count,25000,25,28.3013
spring-data-page,25000,25,285.0729
jpa-offset,25000,25,251.4737
blaze-offset,25000,25,258.5867
hibernate-keyset,25000,26,249.2570
hql-row-value-keyset,25000,26,1.4800
blaze-keyset,25000,26,1.5170
blaze-keyset-with-count,25000,26,28.1966
spring-data-page,25000,26,282.1244
jpa-offset,25000,26,238.3836
blaze-offset,25000,26,268.2294
spring-data-keyset,25000,26,286.3974
hql-row-value-keyset,25000,27,1.6932
blaze-keyset,25000,27,1.9286
blaze-keyset-with-count,25000,27,27.8809
spring-data-page,25000,27,280.3254
jpa-offset,25000,27,256.3773
blaze-offset,25000,27,257.1689
spring-data-keyset,25000,27,242.6539
hibernate-keyset,25000,27,252.3996
blaze-keyset,25000,28,2.5604
blaze-keyset-with-count,25000,28,29.6867
spring-data-page,25000,28,294.3509
jpa-offset,25000,28,271.5551
blaze-offset,25000,28,265.8110
spring-data-keyset,25000,28,242.8678
hibernate-keyset,25000,28,284.1801
hql-row-value-keyset,25000,28,1.4801
blaze-keyset-with-count,25000,29,28.0164
spring-data-page,25000,29,316.1820
jpa-offset,25000,29,296.2925
blaze-offset,25000,29,282.7359
spring-data-keyset,25000,29,285.6057
hibernate-keyset,25000,29,279.1709
hql-row-value-keyset,25000,29,1.7613
blaze-keyset,25000,29,1.6655
spring-data-page,25000,30,313.3225
jpa-offset,25000,30,262.8331
blaze-offset,25000,30,253.6612
spring-data-keyset,25000,30,251.4405
hibernate-keyset,25000,30,258.3045
hql-row-value-keyset,25000,30,1.9906
blaze-keyset,25000,30,2.1446
blaze-keyset-with-count,25000,30,29.6905
jpa-offset,25000,31,274.7646
blaze-offset,25000,31,286.0388
spring-data-keyset,25000,31,306.2090
hibernate-keyset,25000,31,260.1235
hql-row-value-keyset,25000,31,1.6947
blaze-keyset,25000,31,2.0467
blaze-keyset-with-count,25000,31,28.3568
spring-data-page,25000,31,295.5568
blaze-offset,25000,32,251.4276
spring-data-keyset,25000,32,249.3318
hibernate-keyset,25000,32,238.7073
hql-row-value-keyset,25000,32,1.2685
blaze-keyset,25000,32,1.5380
blaze-keyset-with-count,25000,32,27.7274
spring-data-page,25000,32,289.7426
jpa-offset,25000,32,250.8192
spring-data-keyset,25000,33,260.8397
hibernate-keyset,25000,33,246.0462
hql-row-value-keyset,25000,33,1.3417
blaze-keyset,25000,33,2.1849
blaze-keyset-with-count,25000,33,27.7098
spring-data-page,25000,33,287.2391
jpa-offset,25000,33,247.6301
blaze-offset,25000,33,241.8349
hibernate-keyset,25000,34,289.9654
hql-row-value-keyset,25000,34,1.4203
blaze-keyset,25000,34,1.7193
blaze-keyset-with-count,25000,34,28.0740
spring-data-page,25000,34,287.2401
jpa-offset,25000,34,252.5353
blaze-offset,25000,34,255.4645
spring-data-keyset,25000,34,255.2254
hql-row-value-keyset,25000,35,1.7869
blaze-keyset,25000,35,1.8387
blaze-keyset-with-count,25000,35,28.7871
spring-data-page,25000,35,284.8679
jpa-offset,25000,35,263.7531
blaze-offset,25000,35,277.0295
spring-data-keyset,25000,35,265.2745
hibernate-keyset,25000,35,244.1482
blaze-keyset,25000,36,1.8363
blaze-keyset-with-count,25000,36,27.9252
spring-data-page,25000,36,288.3986
jpa-offset,25000,36,251.2130
blaze-offset,25000,36,247.8241
spring-data-keyset,25000,36,250.3397
hibernate-keyset,25000,36,256.7590
hql-row-value-keyset,25000,36,1.3715
blaze-keyset-with-count,25000,37,28.3655
spring-data-page,25000,37,281.3129
jpa-offset,25000,37,250.9664
blaze-offset,25000,37,244.3727
spring-data-keyset,25000,37,248.0529
hibernate-keyset,25000,37,242.5238
hql-row-value-keyset,25000,37,1.4782
blaze-keyset,25000,37,1.6513
spring-data-page,25000,38,288.1562
jpa-offset,25000,38,244.9555
blaze-offset,25000,38,249.7822
spring-data-keyset,25000,38,255.9346
hibernate-keyset,25000,38,250.5550
hql-row-value-keyset,25000,38,1.3815
blaze-keyset,25000,38,1.6349
blaze-keyset-with-count,25000,38,28.4795
jpa-offset,25000,39,270.8625
blaze-offset,25000,39,254.0465
spring-data-keyset,25000,39,252.5609
hibernate-keyset,25000,39,245.8636
hql-row-value-keyset,25000,39,1.3587
blaze-keyset,25000,39,1.6152
blaze-keyset-with-count,25000,39,27.6091
spring-data-page,25000,39,283.6677
blaze-offset,25000,40,247.9458
spring-data-keyset,25000,40,260.2566
hibernate-keyset,25000,40,249.2978
hql-row-value-keyset,25000,40,1.1288
blaze-keyset,25000,40,1.4597
blaze-keyset-with-count,25000,40,28.3106
spring-data-page,25000,40,286.3196
jpa-offset,25000,40,253.6711
spring-data-keyset,25000,41,244.3827
hibernate-keyset,25000,41,234.4002
hql-row-value-keyset,25000,41,2.1446
blaze-keyset,25000,41,1.8143
blaze-keyset-with-count,25000,41,28.3894
spring-data-page,25000,41,311.0416
jpa-offset,25000,41,262.7663
blaze-offset,25000,41,266.5515
hibernate-keyset,25000,42,249.6568
hql-row-value-keyset,25000,42,1.3673
blaze-keyset,25000,42,1.5053
blaze-keyset-with-count,25000,42,27.4314
spring-data-page,25000,42,281.2704
jpa-offset,25000,42,245.3435
blaze-offset,25000,42,249.3208
spring-data-keyset,25000,42,260.5164
hql-row-value-keyset,25000,43,1.5160
blaze-keyset,25000,43,1.6160
blaze-keyset-with-count,25000,43,27.4573
spring-data-page,25000,43,330.8025
jpa-offset,25000,43,242.1648
blaze-offset,25000,43,238.8164
spring-data-keyset,25000,43,244.4991
hibernate-keyset,25000,43,236.8036
blaze-keyset,25000,44,2.0353
blaze-keyset-with-count,25000,44,28.3645
spring-data-page,25000,44,278.0727
jpa-offset,25000,44,246.4831
blaze-offset,25000,44,239.0528
spring-data-keyset,25000,44,251.0602
hibernate-keyset,25000,44,248.6185
hql-row-value-keyset,25000,44,1.5829
blaze-keyset-with-count,25000,45,27.9330
spring-data-page,25000,45,279.7748
jpa-offset,25000,45,250.9067
blaze-offset,25000,45,243.4432
spring-data-keyset,25000,45,251.5634
hibernate-keyset,25000,45,252.2135
hql-row-value-keyset,25000,45,1.3997
blaze-keyset,25000,45,1.4839
spring-data-page,25000,46,261.2826
jpa-offset,25000,46,251.3363
blaze-offset,25000,46,241.9869
spring-data-keyset,25000,46,247.0871
hibernate-keyset,25000,46,259.9120
hql-row-value-keyset,25000,46,1.1241
blaze-keyset,25000,46,1.5416
blaze-keyset-with-count,25000,46,27.4615
jpa-offset,25000,47,247.9764
blaze-offset,25000,47,248.0558
spring-data-keyset,25000,47,260.8602
hibernate-keyset,25000,47,242.3985
hql-row-value-keyset,25000,47,1.3250
blaze-keyset,25000,47,2.3854
blaze-keyset-with-count,25000,47,27.7947
spring-data-page,25000,47,285.7677
blaze-offset,25000,48,257.0976
spring-data-keyset,25000,48,258.3397
hibernate-keyset,25000,48,258.7928
hql-row-value-keyset,25000,48,1.3249
blaze-keyset,25000,48,2.0683
blaze-keyset-with-count,25000,48,28.3695
spring-data-page,25000,48,277.0901
jpa-offset,25000,48,262.6457
spring-data-keyset,25000,49,292.5645
hibernate-keyset,25000,49,262.7873
hql-row-value-keyset,25000,49,1.8080
blaze-keyset,25000,49,1.5225
blaze-keyset-with-count,25000,49,29.4029
spring-data-page,25000,49,290.7474
jpa-offset,25000,49,266.8989
blaze-offset,25000,49,256.2358
hibernate-keyset,25000,50,251.2349
hql-row-value-keyset,25000,50,1.4567
blaze-keyset,25000,50,1.4832
blaze-keyset-with-count,25000,50,27.8958
spring-data-page,25000,50,274.7721
jpa-offset,25000,50,267.8479
blaze-offset,25000,50,275.2628
spring-data-keyset,25000,50,239.3718
hql-row-value-keyset,25000,51,2.1369
blaze-keyset,25000,51,1.9016
blaze-keyset-with-count,25000,51,28.7508
spring-data-page,25000,51,285.0957
jpa-offset,25000,51,248.8635
blaze-offset,25000,51,244.8598
spring-data-keyset,25000,51,248.5375
hibernate-keyset,25000,51,267.7304
blaze-keyset,25000,52,1.9170
blaze-keyset-with-count,25000,52,28.6129
spring-data-page,25000,52,281.2696
jpa-offset,25000,52,250.7915
blaze-offset,25000,52,242.5421
spring-data-keyset,25000,52,261.6917
hibernate-keyset,25000,52,231.5313
hql-row-value-keyset,25000,52,1.3271
blaze-keyset-with-count,25000,53,28.2951
spring-data-page,25000,53,273.4944
jpa-offset,25000,53,241.3520
blaze-offset,25000,53,248.0732
spring-data-keyset,25000,53,247.0412
hibernate-keyset,25000,53,251.4640
hql-row-value-keyset,25000,53,1.3449
blaze-keyset,25000,53,1.6664
spring-data-page,25000,54,264.5601
jpa-offset,25000,54,254.3119
blaze-offset,25000,54,247.8586
spring-data-keyset,25000,54,246.1838
hibernate-keyset,25000,54,238.3220
hql-row-value-keyset,25000,54,1.1773
blaze-keyset,25000,54,2.0648
blaze-keyset-with-count,25000,54,28.4591
jpa-offset,25000,55,244.7062
blaze-offset,25000,55,252.5113
spring-data-keyset,25000,55,244.7536
hibernate-keyset,25000,55,242.3975
hql-row-value-keyset,25000,55,1.3478
blaze-keyset,25000,55,2.0803
blaze-keyset-with-count,25000,55,29.2094
spring-data-page,25000,55,293.3397
blaze-offset,25000,56,288.2252
spring-data-keyset,25000,56,257.5467
hibernate-keyset,25000,56,237.9606
hql-row-value-keyset,25000,56,1.9574
blaze-keyset,25000,56,3.9109
blaze-keyset-with-count,25000,56,28.3202
spring-data-page,25000,56,350.2905
jpa-offset,25000,56,274.3172
spring-data-keyset,25000,57,248.3068
hibernate-keyset,25000,57,244.0661
hql-row-value-keyset,25000,57,1.2185
blaze-keyset,25000,57,2.3467
blaze-keyset-with-count,25000,57,27.6974
spring-data-page,25000,57,267.2701
jpa-offset,25000,57,262.3037
blaze-offset,25000,57,236.5960
hibernate-keyset,25000,58,254.0428
hql-row-value-keyset,25000,58,2.0168
blaze-keyset,25000,58,2.1415
blaze-keyset-with-count,25000,58,30.1094
spring-data-page,25000,58,298.0095
jpa-offset,25000,58,235.8374
blaze-offset,25000,58,241.2969
spring-data-keyset,25000,58,253.5227
hql-row-value-keyset,25000,59,1.4602
blaze-keyset,25000,59,1.6756
blaze-keyset-with-count,25000,59,28.4188
spring-data-page,25000,59,282.3483
jpa-offset,25000,59,246.0793
blaze-offset,25000,59,243.5581
spring-data-keyset,25000,59,240.7025
hibernate-keyset,25000,59,250.4987
blaze-keyset,25000,60,2.5289
blaze-keyset-with-count,25000,60,28.0435
spring-data-page,25000,60,268.8687
jpa-offset,25000,60,263.7445
blaze-offset,25000,60,244.2962
spring-data-keyset,25000,60,245.9468
hibernate-keyset,25000,60,245.5968
hql-row-value-keyset,25000,60,1.4785
blaze-keyset-with-count,25000,61,27.9227
spring-data-page,25000,61,270.1062
jpa-offset,25000,61,242.8907
blaze-offset,25000,61,242.0512
spring-data-keyset,25000,61,245.6756
hibernate-keyset,25000,61,245.6367
hql-row-value-keyset,25000,61,1.3873
blaze-keyset,25000,61,1.7666
spring-data-page,25000,62,295.2253
jpa-offset,25000,62,246.9038
blaze-offset,25000,62,230.7316
spring-data-keyset,25000,62,238.2360
hibernate-keyset,25000,62,242.4328
hql-row-value-keyset,25000,62,1.6917
blaze-keyset,25000,62,1.8111
blaze-keyset-with-count,25000,62,27.3140
jpa-offset,25000,63,241.4442
blaze-offset,25000,63,234.9930
spring-data-keyset,25000,63,239.8201
hibernate-keyset,25000,63,235.0549
hql-row-value-keyset,25000,63,1.3348
blaze-keyset,25000,63,1.6393
blaze-keyset-with-count,25000,63,28.1842
spring-data-page,25000,63,270.9477
blaze-offset,25000,64,232.4773
spring-data-keyset,25000,64,244.9630
hibernate-keyset,25000,64,285.0167
hql-row-value-keyset,25000,64,1.3419
blaze-keyset,25000,64,1.6435
blaze-keyset-with-count,25000,64,29.7755
spring-data-page,25000,64,280.2722
jpa-offset,25000,64,263.5857
spring-data-keyset,25000,65,250.5070
hibernate-keyset,25000,65,238.7993
hql-row-value-keyset,25000,65,1.2775
blaze-keyset,25000,65,1.6808
blaze-keyset-with-count,25000,65,28.0530
spring-data-page,25000,65,273.0504
jpa-offset,25000,65,236.2244
blaze-offset,25000,65,264.7974
hibernate-keyset,25000,66,262.7876
hql-row-value-keyset,25000,66,1.4106
blaze-keyset,25000,66,1.5836
blaze-keyset-with-count,25000,66,27.8080
spring-data-page,25000,66,265.8816
jpa-offset,25000,66,249.6130
blaze-offset,25000,66,238.6356
spring-data-keyset,25000,66,230.8635
hql-row-value-keyset,25000,67,1.5129
blaze-keyset,25000,67,1.6059
blaze-keyset-with-count,25000,67,27.8882
spring-data-page,25000,67,266.9037
jpa-offset,25000,67,250.8822
blaze-offset,25000,67,242.5316
spring-data-keyset,25000,67,246.7070
hibernate-keyset,25000,67,237.4326
blaze-keyset,25000,68,2.4188
blaze-keyset-with-count,25000,68,28.0075
spring-data-page,25000,68,271.0908
jpa-offset,25000,68,246.2844
blaze-offset,25000,68,236.2776
spring-data-keyset,25000,68,241.1194
hibernate-keyset,25000,68,245.3430
hql-row-value-keyset,25000,68,1.2758
blaze-keyset-with-count,25000,69,28.2751
spring-data-page,25000,69,277.4292
jpa-offset,25000,69,243.8142
blaze-offset,25000,69,233.5891
spring-data-keyset,25000,69,239.8822
hibernate-keyset,25000,69,251.6610
hql-row-value-keyset,25000,69,1.5064
blaze-keyset,25000,69,1.4622
spring-data-page,25000,70,274.0027
jpa-offset,25000,70,241.4009
blaze-offset,25000,70,238.5834
spring-data-keyset,25000,70,239.4096
hibernate-keyset,25000,70,239.4724
hql-row-value-keyset,25000,70,1.3062
blaze-keyset,25000,70,1.5123
blaze-keyset-with-count,25000,70,28.1035
jpa-offset,25000,71,242.0931
blaze-offset,25000,71,236.1129
spring-data-keyset,25000,71,227.8784
hibernate-keyset,25000,71,246.3182
hql-row-value-keyset,25000,71,1.4223
blaze-keyset,25000,71,1.5896
blaze-keyset-with-count,25000,71,27.9639
spring-data-page,25000,71,266.4460
blaze-offset,25000,72,307.4017
spring-data-keyset,25000,72,300.2481
hibernate-keyset,25000,72,238.3474
hql-row-value-keyset,25000,72,1.3510
blaze-keyset,25000,72,1.8311
blaze-keyset-with-count,25000,72,28.6553
spring-data-page,25000,72,277.8330
jpa-offset,25000,72,250.0693
spring-data-keyset,25000,73,239.1829
hibernate-keyset,25000,73,232.9976
hql-row-value-keyset,25000,73,1.1369
blaze-keyset,25000,73,1.5789
blaze-keyset-with-count,25000,73,28.8476
spring-data-page,25000,73,276.7447
jpa-offset,25000,73,273.0892
blaze-offset,25000,73,263.6284
hibernate-keyset,25000,74,237.3726
hql-row-value-keyset,25000,74,1.1299
blaze-keyset,25000,74,1.6549
blaze-keyset-with-count,25000,74,28.1963
spring-data-page,25000,74,323.0757
jpa-offset,25000,74,279.3390
blaze-offset,25000,74,263.2230
spring-data-keyset,25000,74,272.0838
hql-row-value-keyset,25000,75,1.4485
blaze-keyset,25000,75,1.8563
blaze-keyset-with-count,25000,75,28.2480
spring-data-page,25000,75,306.7978
jpa-offset,25000,75,285.6233
blaze-offset,25000,75,292.2351
spring-data-keyset,25000,75,243.8037
hibernate-keyset,25000,75,237.3761
blaze-keyset,25000,76,1.6351
blaze-keyset-with-count,25000,76,26.8624
spring-data-page,25000,76,269.9116
jpa-offset,25000,76,269.9125
blaze-offset,25000,76,277.5098
spring-data-keyset,25000,76,298.2038
hibernate-keyset,25000,76,252.0318
hql-row-value-keyset,25000,76,1.3396
blaze-keyset-with-count,25000,77,27.6559
spring-data-page,25000,77,272.4119
jpa-offset,25000,77,239.5784
blaze-offset,25000,77,255.1901
spring-data-keyset,25000,77,234.4495
hibernate-keyset,25000,77,245.8178
hql-row-value-keyset,25000,77,1.2861
blaze-keyset,25000,77,1.8176
spring-data-page,25000,78,252.7872
jpa-offset,25000,78,249.9036
blaze-offset,25000,78,240.3938
spring-data-keyset,25000,78,257.9961
hibernate-keyset,25000,78,238.9205
hql-row-value-keyset,25000,78,1.5613
blaze-keyset,25000,78,1.6928
blaze-keyset-with-count,25000,78,28.0833
jpa-offset,25000,79,251.2874
blaze-offset,25000,79,233.6317
spring-data-keyset,25000,79,242.8428
hibernate-keyset,25000,79,292.6179
hql-row-value-keyset,25000,79,1.3577
blaze-keyset,25000,79,1.5320
blaze-keyset-with-count,25000,79,28.5554
spring-data-page,25000,79,288.4405
blaze-offset,25000,80,254.2176
spring-data-keyset,25000,80,245.7353
hibernate-keyset,25000,80,228.9887
hql-row-value-keyset,25000,80,1.4311
blaze-keyset,25000,80,1.4471
blaze-keyset-with-count,25000,80,27.7268
spring-data-page,25000,80,295.4932
jpa-offset,25000,80,246.5896
spring-data-keyset,25000,81,271.3690
hibernate-keyset,25000,81,277.7340
hql-row-value-keyset,25000,81,1.5686
blaze-keyset,25000,81,1.6826
blaze-keyset-with-count,25000,81,27.2959
spring-data-page,25000,81,268.4981
jpa-offset,25000,81,247.5219
blaze-offset,25000,81,244.1373
hibernate-keyset,25000,82,242.4326
hql-row-value-keyset,25000,82,1.4431
blaze-keyset,25000,82,1.5492
blaze-keyset-with-count,25000,82,27.5504
spring-data-page,25000,82,274.7237
jpa-offset,25000,82,250.1139
blaze-offset,25000,82,237.5358
spring-data-keyset,25000,82,235.8066
hql-row-value-keyset,25000,83,1.4385
blaze-keyset,25000,83,1.6046
blaze-keyset-with-count,25000,83,28.3573
spring-data-page,25000,83,292.7387
jpa-offset,25000,83,259.1905
blaze-offset,25000,83,235.5511
spring-data-keyset,25000,83,239.1890
hibernate-keyset,25000,83,239.0447
blaze-keyset,25000,84,1.9118
blaze-keyset-with-count,25000,84,28.1423
spring-data-page,25000,84,274.4212
jpa-offset,25000,84,244.2162
blaze-offset,25000,84,235.3222
spring-data-keyset,25000,84,240.9638
hibernate-keyset,25000,84,254.0457
hql-row-value-keyset,25000,84,1.5227
blaze-keyset-with-count,25000,85,28.0648
spring-data-page,25000,85,272.7581
jpa-offset,25000,85,257.1032
blaze-offset,25000,85,243.7338
spring-data-keyset,25000,85,240.3957
hibernate-keyset,25000,85,237.2429
hql-row-value-keyset,25000,85,1.1992
blaze-keyset,25000,85,1.6336
spring-data-page,25000,86,269.1870
jpa-offset,25000,86,258.2350
blaze-offset,25000,86,239.0893
spring-data-keyset,25000,86,232.1284
hibernate-keyset,25000,86,229.8457
hql-row-value-keyset,25000,86,1.3495
blaze-keyset,25000,86,1.5501
blaze-keyset-with-count,25000,86,27.4013
jpa-offset,25000,87,239.7085
blaze-offset,25000,87,286.2039
spring-data-keyset,25000,87,253.5480
hibernate-keyset,25000,87,237.8756
hql-row-value-keyset,25000,87,2.0530
blaze-keyset,25000,87,1.7696
blaze-keyset-with-count,25000,87,29.6032
spring-data-page,25000,87,293.3664
blaze-offset,25000,88,256.4503
spring-data-keyset,25000,88,247.4305
hibernate-keyset,25000,88,230.7236
hql-row-value-keyset,25000,88,1.8293
blaze-keyset,25000,88,1.6907
blaze-keyset-with-count,25000,88,27.6847
spring-data-page,25000,88,264.0649
jpa-offset,25000,88,275.4055
spring-data-keyset,25000,89,246.5456
hibernate-keyset,25000,89,239.7687
hql-row-value-keyset,25000,89,1.3991
blaze-keyset,25000,89,1.7738
blaze-keyset-with-count,25000,89,26.8684
spring-data-page,25000,89,271.0296
jpa-offset,25000,89,230.4296
blaze-offset,25000,89,228.7207
hibernate-keyset,25000,90,281.0724
hql-row-value-keyset,25000,90,1.3437
blaze-keyset,25000,90,1.7012
blaze-keyset-with-count,25000,90,27.2064
spring-data-page,25000,90,279.4311
jpa-offset,25000,90,238.5257
blaze-offset,25000,90,237.5180
spring-data-keyset,25000,90,244.0902
hql-row-value-keyset,25000,91,1.3380
blaze-keyset,25000,91,1.4696
blaze-keyset-with-count,25000,91,27.8398
spring-data-page,25000,91,280.7384
jpa-offset,25000,91,232.7538
blaze-offset,25000,91,239.6273
spring-data-keyset,25000,91,242.0940
hibernate-keyset,25000,91,239.4499
blaze-keyset,25000,92,1.7278
blaze-keyset-with-count,25000,92,27.7783
spring-data-page,25000,92,265.7534
jpa-offset,25000,92,249.8503
blaze-offset,25000,92,238.4048
spring-data-keyset,25000,92,235.2851
hibernate-keyset,25000,92,233.8582
hql-row-value-keyset,25000,92,1.2311
blaze-keyset-with-count,25000,93,29.9510
spring-data-page,25000,93,283.7665
jpa-offset,25000,93,245.7918
blaze-offset,25000,93,240.8358
spring-data-keyset,25000,93,232.5285
hibernate-keyset,25000,93,232.5600
hql-row-value-keyset,25000,93,1.2501
blaze-keyset,25000,93,1.4447
spring-data-page,25000,94,279.9482
jpa-offset,25000,94,254.9923
blaze-offset,25000,94,233.6451
spring-data-keyset,25000,94,237.6464
hibernate-keyset,25000,94,237.9924
hql-row-value-keyset,25000,94,1.2109
blaze-keyset,25000,94,1.3688
blaze-keyset-with-count,25000,94,27.8790
jpa-offset,25000,95,294.2168
blaze-offset,25000,95,239.3791
spring-data-keyset,25000,95,239.6726
hibernate-keyset,25000,95,243.1614
hql-row-value-keyset,25000,95,1.2812
blaze-keyset,25000,95,1.5539
blaze-keyset-with-count,25000,95,27.5424
spring-data-page,25000,95,296.7898
blaze-offset,25000,96,237.4060
spring-data-keyset,25000,96,233.0609
hibernate-keyset,25000,96,240.7636
hql-row-value-keyset,25000,96,1.8383
blaze-keyset,25000,96,1.7295
blaze-keyset-with-count,25000,96,27.6949
spring-data-page,25000,96,311.8128
jpa-offset,25000,96,239.7521
spring-data-keyset,25000,97,243.1789
hibernate-keyset,25000,97,251.8959
hql-row-value-keyset,25000,97,1.2629
blaze-keyset,25000,97,1.5721
blaze-keyset-with-count,25000,97,27.7325
spring-data-page,25000,97,270.0026
jpa-offset,25000,97,243.1702
blaze-offset,25000,97,251.2953
hibernate-keyset,25000,98,252.8407
hql-row-value-keyset,25000,98,1.6549
blaze-keyset,25000,98,1.5531
blaze-keyset-with-count,25000,98,27.7550
spring-data-page,25000,98,270.6795
jpa-offset,25000,98,239.2022
blaze-offset,25000,98,236.0051
spring-data-keyset,25000,98,241.2323
hql-row-value-keyset,25000,99,1.5149
blaze-keyset,25000,99,1.8456
blaze-keyset-with-count,25000,99,27.6919
spring-data-page,25000,99,270.9418
jpa-offset,25000,99,254.4892
blaze-offset,25000,99,252.8736
spring-data-keyset,25000,99,267.7837
hibernate-keyset,25000,99,255.5513
blaze-offset,50000,0,478.5410
spring-data-keyset,50000,0,1.5836
hibernate-keyset,50000,0,1.4979
hql-row-value-keyset,50000,0,0.9524
blaze-keyset,50000,0,1.7224
blaze-keyset-with-count,50000,0,27.7260
spring-data-page,50000,0,487.3464
jpa-offset,50000,0,484.7886
spring-data-keyset,50000,1,1.8135
hibernate-keyset,50000,1,2.0661
hql-row-value-keyset,50000,1,1.5055
blaze-keyset,50000,1,1.5281
blaze-keyset-with-count,50000,1,30.9347
spring-data-page,50000,1,504.2663
jpa-offset,50000,1,463.8880
blaze-offset,50000,1,453.0392
hibernate-keyset,50000,2,1.8104
hql-row-value-keyset,50000,2,0.9731
blaze-keyset,50000,2,1.3896
blaze-keyset-with-count,50000,2,27.2324
spring-data-page,50000,2,494.4857
jpa-offset,50000,2,452.4532
blaze-offset,50000,2,444.7929
spring-data-keyset,50000,2,1.8669
hql-row-value-keyset,50000,3,1.1323
blaze-keyset,50000,3,1.6180
blaze-keyset-with-count,50000,3,28.1295
spring-data-page,50000,3,485.3577
jpa-offset,50000,3,442.0368
blaze-offset,50000,3,460.5563
spring-data-keyset,50000,3,1.6572
hibernate-keyset,50000,3,1.5757
blaze-keyset,50000,4,1.4566
blaze-keyset-with-count,50000,4,28.4269
spring-data-page,50000,4,478.7775
jpa-offset,50000,4,488.5754
blaze-offset,50000,4,457.0420
spring-data-keyset,50000,4,1.8094
hibernate-keyset,50000,4,1.8882
hql-row-value-keyset,50000,4,1.1767
blaze-keyset-with-count,50000,5,28.4904
spring-data-page,50000,5,506.4915
jpa-offset,50000,5,455.0243
blaze-offset,50000,5,457.7565
spring-data-keyset,50000,5,1.5674
hibernate-keyset,50000,5,1.7189
hql-row-value-keyset,50000,5,1.0665
blaze-keyset,50000,5,1.9480
spring-data-page,50000,6,483.2788
jpa-offset,50000,6,514.1642
blaze-offset,50000,6,445.0513
spring-data-keyset,50000,6,3.2279
hibernate-keyset,50000,6,2.4685
hql-row-value-keyset,50000,6,1.4543
blaze-keyset,50000,6,1.6201
blaze-keyset-with-count,50000,6,28.7387
jpa-offset,50000,7,457.8780
blaze-offset,50000,7,435.4591
spring-data-keyset,50000,7,1.6751
hibernate-keyset,50000,7,1.9239
hql-row-value-keyset,50000,7,1.3691
blaze-keyset,50000,7,1.6075
blaze-keyset-with-count,50000,7,27.7265
spring-data-page,50000,7,515.2507
blaze-offset,50000,8,454.7079
spring-data-keyset,50000,8,1.6007
hibernate-keyset,50000,8,1.5804
hql-row-value-keyset,50000,8,1.0958
blaze-keyset,50000,8,1.5943
blaze-keyset-with-count,50000,8,27.5019
spring-data-page,50000,8,479.7124
jpa-offset,50000,8,455.3884
spring-data-keyset,50000,9,1.8906
hibernate-keyset,50000,9,1.8574
hql-row-value-keyset,50000,9,1.0433
blaze-keyset,50000,9,1.4892
blaze-keyset-with-count,50000,9,27.6228
spring-data-page,50000,9,473.7292
jpa-offset,50000,9,445.3812
blaze-offset,50000,9,444.5402
hibernate-keyset,50000,10,1.8133
hql-row-value-keyset,50000,10,1.0300
blaze-keyset,50000,10,1.8865
blaze-keyset-with-count,50000,10,27.8543
spring-data-page,50000,10,488.3700
jpa-offset,50000,10,441.4333
blaze-offset,50000,10,458.2562
spring-data-keyset,50000,10,1.8536
hql-row-value-keyset,50000,11,1.4029
blaze-keyset,50000,11,1.6761
blaze-keyset-with-count,50000,11,29.1941
spring-data-page,50000,11,490.4510
jpa-offset,50000,11,456.9336
blaze-offset,50000,11,476.0699
spring-data-keyset,50000,11,1.5696
hibernate-keyset,50000,11,1.6403
blaze-keyset,50000,12,1.3707
blaze-keyset-with-count,50000,12,27.7954
spring-data-page,50000,12,500.2879
jpa-offset,50000,12,445.2931
blaze-offset,50000,12,449.8703
spring-data-keyset,50000,12,1.4961
hibernate-keyset,50000,12,1.6565
hql-row-value-keyset,50000,12,1.4379
blaze-keyset-with-count,50000,13,28.0611
spring-data-page,50000,13,482.5604
jpa-offset,50000,13,495.2603
blaze-offset,50000,13,469.6877
spring-data-keyset,50000,13,1.5897
hibernate-keyset,50000,13,1.6682
hql-row-value-keyset,50000,13,1.1465
blaze-keyset,50000,13,1.3890
spring-data-page,50000,14,471.4533
jpa-offset,50000,14,466.6525
blaze-offset,50000,14,508.3750
spring-data-keyset,50000,14,2.0687
hibernate-keyset,50000,14,1.7217
hql-row-value-keyset,50000,14,1.1223
blaze-keyset,50000,14,1.5294
blaze-keyset-with-count,50000,14,27.5593
jpa-offset,50000,15,520.0802
blaze-offset,50000,15,523.5550
spring-data-keyset,50000,15,1.6335
hibernate-keyset,50000,15,1.4380
hql-row-value-keyset,50000,15,1.4639
blaze-keyset,50000,15,2.1339
blaze-keyset-with-count,50000,15,30.1739
spring-data-page,50000,15,508.4562
blaze-offset,50000,16,456.4523
spring-data-keyset,50000,16,1.4705
hibernate-keyset,50000,16,1.9636
hql-row-value-keyset,50000,16,1.3265
blaze-keyset,50000,16,1.7055
blaze-keyset-with-count,50000,16,27.7549
spring-data-page,50000,16,493.3434
jpa-offset,50000,16,455.9790
spring-data-keyset,50000,17,1.5784
hibernate-keyset,50000,17,2.1081
hql-row-value-keyset,50000,17,1.1589
blaze-keyset,50000,17,1.5996
blaze-keyset-with-count,50000,17,28.0555
spring-data-page,50000,17,482.7093
jpa-offset,50000,17,460.8574
blaze-offset,50000,17,458.3330
hibernate-keyset,50000,18,1.6250
hql-row-value-keyset,50000,18,0.9868
blaze-keyset,50000,18,1.7959
blaze-keyset-with-count,50000,18,26.5279
spring-data-page,50000,18,506.4966
jpa-offset,50000,18,459.1353
blaze-offset,50000,18,465.4174
spring-data-keyset,50000,18,1.6216
hql-row-value-keyset,50000,19,1.5047
blaze-keyset,50000,19,2.9676
blaze-keyset-with-count,50000,19,28.1610
spring-data-page,50000,19,501.3023
jpa-offset,50000,19,479.6555
blaze-offset,50000,19,450.6533
spring-data-keyset,50000,19,1.4547
hibernate-keyset,50000,19,1.4678
blaze-keyset,50000,20,1.3766
blaze-keyset-with-count,50000,20,27.7463
spring-data-page,50000,20,545.1702
jpa-offset,50000,20,485.9249
blaze-offset,50000,20,462.2729
spring-data-keyset,50000,20,1.8212
hibernate-keyset,50000,20,1.7181
hql-row-value-keyset,50000,20,1.0812
blaze-keyset-with-count,50000,21,27.7310
spring-data-page,50000,21,496.1195
jpa-offset,50000,21,496.0374
blaze-offset,50000,21,483.2226
spring-data-keyset,50000,21,1.7247
hibernate-keyset,50000,21,1.8034
hql-row-value-keyset,50000,21,1.4765
blaze-keyset,50000,21,1.8453
spring-data-page,50000,22,502.9034
jpa-offset,50000,22,458.0521
blaze-offset,50000,22,461.9346
spring-data-keyset,50000,22,1.7213
hibernate-keyset,50000,22,1.5489
hql-row-value-keyset,50000,22,1.0777
blaze-keyset,50000,22,1.3821
blaze-keyset-with-count,50000,22,28.1790
jpa-offset,50000,23,464.4428
blaze-offset,50000,23,453.1980
spring-data-keyset,50000,23,1.6111
hibernate-keyset,50000,23,1.9797
hql-row-value-keyset,50000,23,1.1263
blaze-keyset,50000,23,1.4390
blaze-keyset-with-count,50000,23,28.5126
spring-data-page,50000,23,499.1356
blaze-offset,50000,24,452.5462
spring-data-keyset,50000,24,1.6940
hibernate-keyset,50000,24,2.0662
hql-row-value-keyset,50000,24,1.2072
blaze-keyset,50000,24,1.7153
blaze-keyset-with-count,50000,24,27.6800
spring-data-page,50000,24,491.0242
jpa-offset,50000,24,461.8112
spring-data-keyset,50000,25,1.5925
hibernate-keyset,50000,25,1.7191
hql-row-value-keyset,50000,25,1.0003
blaze-keyset,50000,25,1.6204
blaze-keyset-with-count,50000,25,28.0369
spring-data-page,50000,25,478.9201
jpa-offset,50000,25,537.8294
blaze-offset,50000,25,461.9364
hibernate-keyset,50000,26,2.5172
hql-row-value-keyset,50000,26,1.8344
blaze-keyset,50000,26,1.7832
blaze-keyset-with-count,50000,26,28.5031
spring-data-page,50000,26,491.5369
jpa-offset,50000,26,451.0024
blaze-offset,50000,26,508.2092
spring-data-keyset,50000,26,1.9747
hql-row-value-keyset,50000,27,1.1271
blaze-keyset,50000,27,1.5264
blaze-keyset-with-count,50000,27,27.2851
spring-data-page,50000,27,488.8158
jpa-offset,50000,27,500.8951
blaze-offset,50000,27,455.2992
spring-data-keyset,50000,27,1.4821
hibernate-keyset,50000,27,1.5649
blaze-keyset,50000,28,1.3650
blaze-keyset-with-count,50000,28,27.4309
spring-data-page,50000,28,533.2099
jpa-offset,50000,28,481.2628
blaze-offset,50000,28,493.4948
spring-data-keyset,50000,28,1.8124
hibernate-keyset,50000,28,1.6970
hql-row-value-keyset,50000,28,1.0369
blaze-keyset-with-count,50000,29,27.1872
spring-data-page,50000,29,503.4667
jpa-offset,50000,29,466.2554
blaze-offset,50000,29,453.0948
spring-data-keyset,50000,29,1.7204
hibernate-keyset,50000,29,1.5109
hql-row-value-keyset,50000,29,1.0681
blaze-keyset,50000,29,1.7225
spring-data-page,50000,30,483.0952
jpa-offset,50000,30,445.2227
blaze-offset,50000,30,442.9598
spring-data-keyset,50000,30,1.6754
hibernate-keyset,50000,30,1.8851
hql-row-value-keyset,50000,30,1.0676
blaze-keyset,50000,30,1.3818
blaze-keyset-with-count,50000,30,27.0465
jpa-offset,50000,31,451.0902
blaze-offset,50000,31,451.2236
spring-data-keyset,50000,31,2.2344
hibernate-keyset,50000,31,1.5509
hql-row-value-keyset,50000,31,0.9951
blaze-keyset,50000,31,1.2826
blaze-keyset-with-count,50000,31,26.5818
spring-data-page,50000,31,475.0335
blaze-offset,50000,32,449.1771
spring-data-keyset,50000,32,1.8497
hibernate-keyset,50000,32,1.4455
hql-row-value-keyset,50000,32,0.9830
blaze-keyset,50000,32,1.2581
blaze-keyset-with-count,50000,32,26.9684
spring-data-page,50000,32,476.0291
jpa-offset,50000,32,458.5869
spring-data-keyset,50000,33,2.4675
hibernate-keyset,50000,33,2.3072
hql-row-value-keyset,50000,33,1.7648
blaze-keyset,50000,33,3.5525
blaze-keyset-with-count,50000,33,30.3337
spring-data-page,50000,33,470.8017
jpa-offset,50000,33,441.0914
blaze-offset,50000,33,510.2470
hibernate-keyset,50000,34,2.1904
hql-row-value-keyset,50000,34,1.1285
blaze-keyset,50000,34,1.3792
blaze-keyset-with-count,50000,34,27.3297
spring-data-page,50000,34,489.6605
jpa-offset,50000,34,446.7440
blaze-offset,50000,34,466.3523
spring-data-keyset,50000,34,1.5662
hql-row-value-keyset,50000,35,0.9492
blaze-keyset,50000,35,1.3180
blaze-keyset-with-count,50000,35,29.7531
spring-data-page,50000,35,526.2825
jpa-offset,50000,35,447.9059
blaze-offset,50000,35,448.4413
spring-data-keyset,50000,35,1.6493
hibernate-keyset,50000,35,1.7285
blaze-keyset,50000,36,2.5911
blaze-keyset-with-count,50000,36,28.4230
spring-data-page,50000,36,491.7986
jpa-offset,50000,36,455.8395
blaze-offset,50000,36,447.2979
spring-data-keyset,50000,36,1.6356
hibernate-keyset,50000,36,1.6097
hql-row-value-keyset,50000,36,0.9599
blaze-keyset-with-count,50000,37,27.5027
spring-data-page,50000,37,479.7404
jpa-offset,50000,37,444.3331
blaze-offset,50000,37,439.7467
spring-data-keyset,50000,37,1.4254
hibernate-keyset,50000,37,1.6227
hql-row-value-keyset,50000,37,1.1304
blaze-keyset,50000,37,1.3152
spring-data-page,50000,38,472.3767
jpa-offset,50000,38,434.8647
blaze-offset,50000,38,444.1613
spring-data-keyset,50000,38,1.4051
hibernate-keyset,50000,38,1.4320
hql-row-value-keyset,50000,38,0.8863
blaze-keyset,50000,38,1.3294
blaze-keyset-with-count,50000,38,27.1720
jpa-offset,50000,39,439.8032
blaze-offset,50000,39,455.7493
spring-data-keyset,50000,39,1.5040
hibernate-keyset,50000,39,1.5801
hql-row-value-keyset,50000,39,0.9888
blaze-keyset,50000,39,1.4096
blaze-keyset-with-count,50000,39,28.0347
spring-data-page,50000,39,484.6744
blaze-offset,50000,40,465.4714
spring-data-keyset,50000,40,1.4402
hibernate-keyset,50000,40,1.4179
hql-row-value-keyset,50000,40,0.9886
blaze-keyset,50000,40,1.4994
blaze-keyset-with-count,50000,40,28.1623
spring-data-page,50000,40,488.3216
jpa-offset,50000,40,528.7995
spring-data-keyset,50000,41,1.8952
hibernate-keyset,50000,41,1.9837
hql-row-value-keyset,50000,41,1.3799
blaze-keyset,50000,41,1.4803
blaze-keyset-with-count,50000,41,28.0246
spring-data-page,50000,41,469.0395
jpa-offset,50000,41,467.2302
blaze-offset,50000,41,431.3227
hibernate-keyset,50000,42,1.7650
hql-row-value-keyset,50000,42,1.0035
blaze-keyset,50000,42,1.4102
blaze-keyset-with-count,50000,42,27.2542
spring-data-page,50000,42,533.9923
jpa-offset,50000,42,471.6585
blaze-offset,50000,42,437.1803
spring-data-keyset,50000,42,2.3765
hql-row-value-keyset,50000,43,1.2463
blaze-keyset,50000,43,1.4241
blaze-keyset-with-count,50000,43,28.1954
spring-data-page,50000,43,496.4263
jpa-offset,50000,43,455.5474
blaze-offset,50000,43,438.4407
spring-data-keyset,50000,43,1.5971
hibernate-keyset,50000,43,1.5744
blaze-keyset,50000,44,1.3473
blaze-keyset-with-count,50000,44,27.8935
spring-data-page,50000,44,484.8732
jpa-offset,50000,44,451.6772
blaze-offset,50000,44,433.1670
spring-data-keyset,50000,44,1.7472
hibernate-keyset,50000,44,1.5854
hql-row-value-keyset,50000,44,1.1044
blaze-keyset-with-count,50000,45,27.9632
spring-data-page,50000,45,488.3795
jpa-offset,50000,45,452.6911
blaze-offset,50000,45,455.0632
spring-data-keyset,50000,45,1.5493
hibernate-keyset,50000,45,1.7627
hql-row-value-keyset,50000,45,1.2070
blaze-keyset,50000,45,1.3724
spring-data-page,50000,46,466.3444
jpa-offset,50000,46,467.9781
blaze-offset,50000,46,461.9998
spring-data-keyset,50000,46,1.6430
hibernate-keyset,50000,46,1.4333
hql-row-value-keyset,50000,46,1.0300
blaze-keyset,50000,46,1.3069
blaze-keyset-with-count,50000,46,28.2751
jpa-offset,50000,47,452.2979
blaze-offset,50000,47,439.7984
spring-data-keyset,50000,47,2.1377
hibernate-keyset,50000,47,1.6250
hql-row-value-keyset,50000,47,1.0065
blaze-keyset,50000,47,1.3399
blaze-keyset-with-count,50000,47,27.5356
spring-data-page,50000,47,548.8237
blaze-offset,50000,48,441.0303
spring-data-keyset,50000,48,1.4943
hibernate-keyset,50000,48,1.5068
hql-row-value-keyset,50000,48,0.9982
blaze-keyset,50000,48,1.4615
blaze-keyset-with-count,50000,48,28.6124
spring-data-page,50000,48,490.0390
jpa-offset,50000,48,433.7792
spring-data-keyset,50000,49,1.6297
hibernate-keyset,50000,49,1.5835
hql-row-value-keyset,50000,49,1.6294
blaze-keyset,50000,49,1.6015
blaze-keyset-with-count,50000,49,30.7214
spring-data-page,50000,49,525.2559
jpa-offset,50000,49,485.6417
blaze-offset,50000,49,555.2911
hibernate-keyset,50000,50,2.0889
hql-row-value-keyset,50000,50,1.1686
blaze-keyset,50000,50,1.5750
blaze-keyset-with-count,50000,50,30.3170
spring-data-page,50000,50,576.7701
jpa-offset,50000,50,518.4710
blaze-offset,50000,50,486.2724
spring-data-keyset,50000,50,2.1868
hql-row-value-keyset,50000,51,1.2916
blaze-keyset,50000,51,1.4076
blaze-keyset-with-count,50000,51,27.4073
spring-data-page,50000,51,476.3749
jpa-offset,50000,51,504.2373
blaze-offset,50000,51,514.8521
spring-data-keyset,50000,51,1.7629
hibernate-keyset,50000,51,1.5983
blaze-keyset,50000,52,1.5411
blaze-keyset-with-count,50000,52,27.8892
spring-data-page,50000,52,476.4802
jpa-offset,50000,52,447.1784
blaze-offset,50000,52,443.7746
spring-data-keyset,50000,52,1.9204
hibernate-keyset,50000,52,1.6386
hql-row-value-keyset,50000,52,1.0304
blaze-keyset-with-count,50000,53,28.0661
spring-data-page,50000,53,483.1171
jpa-offset,50000,53,461.6508
blaze-offset,50000,53,440.1957
spring-data-keyset,50000,53,2.1141
hibernate-keyset,50000,53,1.6707
hql-row-value-keyset,50000,53,2.1168
blaze-keyset,50000,53,1.6502
spring-data-page,50000,54,464.2851
jpa-offset,50000,54,506.3812
blaze-offset,50000,54,439.4928
spring-data-keyset,50000,54,1.4954
hibernate-keyset,50000,54,1.5094
hql-row-value-keyset,50000,54,1.2403
blaze-keyset,50000,54,1.4928
blaze-keyset-with-count,50000,54,27.7884
jpa-offset,50000,55,438.9914
blaze-offset,50000,55,437.3564
spring-data-keyset,50000,55,1.4493
hibernate-keyset,50000,55,1.5262
hql-row-value-keyset,50000,55,1.1303
blaze-keyset,50000,55,1.6971
blaze-keyset-with-count,50000,55,28.8804
spring-data-page,50000,55,554.7053
blaze-offset,50000,56,455.4361
spring-data-keyset,50000,56,1.4843
hibernate-keyset,50000,56,1.4339
hql-row-value-keyset,50000,56,0.9085
blaze-keyset,50000,56,1.2468
blaze-keyset-with-count,50000,56,27.5158
spring-data-page,50000,56,476.6431
jpa-offset,50000,56,460.3349
spring-data-keyset,50000,57,1.4135
hibernate-keyset,50000,57,2.5456
hql-row-value-keyset,50000,57,1.1614
blaze-keyset,50000,57,1.3695
blaze-keyset-with-count,50000,57,27.4587
spring-data-page,50000,57,479.5467
jpa-offset,50000,57,452.8158
blaze-offset,50000,57,431.4750
hibernate-keyset,50000,58,1.8886
hql-row-value-keyset,50000,58,1.0724
blaze-keyset,50000,58,1.5344
blaze-keyset-with-count,50000,58,27.7815
spring-data-page,50000,58,488.0053
jpa-offset,50000,58,441.1152
blaze-offset,50000,58,438.7785
spring-data-keyset,50000,58,1.9028
hql-row-value-keyset,50000,59,1.4712
blaze-keyset,50000,59,1.6973
blaze-keyset-with-count,50000,59,29.2894
spring-data-page,50000,59,496.7824
jpa-offset,50000,59,448.7552
blaze-offset,50000,59,440.3853
spring-data-keyset,50000,59,1.7869
hibernate-keyset,50000,59,1.6020
blaze-keyset,50000,60,1.4074
blaze-keyset-with-count,50000,60,27.8583
spring-data-page,50000,60,477.7647
jpa-offset,50000,60,460.9576
blaze-offset,50000,60,450.5577
spring-data-keyset,50000,60,1.7832
hibernate-keyset,50000,60,1.4922
hql-row-value-keyset,50000,60,1.0773
blaze-keyset-with-count,50000,61,28.3498
spring-data-page,50000,61,482.3358
jpa-offset,50000,61,498.8093
blaze-offset,50000,61,448.5713
spring-data-keyset,50000,61,1.8817
hibernate-keyset,50000,61,1.5859
hql-row-value-keyset,50000,61,0.9401
blaze-keyset,50000,61,1.3740
spring-data-page,50000,62,494.7345
jpa-offset,50000,62,446.1087
blaze-offset,50000,62,466.4442
spring-data-keyset,50000,62,2.0600
hibernate-keyset,50000,62,2.2369
hql-row-value-keyset,50000,62,1.4797
blaze-keyset,50000,62,2.5112
blaze-keyset-with-count,50000,62,32.0680
jpa-offset,50000,63,446.8551
blaze-offset,50000,63,430.5490
spring-data-keyset,50000,63,1.5713
hibernate-keyset,50000,63,1.6417
hql-row-value-keyset,50000,63,1.2382
blaze-keyset,50000,63,1.2267
blaze-keyset-with-count,50000,63,28.3981
spring-data-page,50000,63,485.8275
blaze-offset,50000,64,477.8406
spring-data-keyset,50000,64,1.7837
hibernate-keyset,50000,64,1.5031
hql-row-value-keyset,50000,64,0.9829
blaze-keyset,50000,64,1.3543
blaze-keyset-with-count,50000,64,26.9431
spring-data-page,50000,64,487.3103
jpa-offset,50000,64,451.6239
spring-data-keyset,50000,65,1.5120
hibernate-keyset,50000,65,1.3647
hql-row-value-keyset,50000,65,1.0482
blaze-keyset,50000,65,1.6873
blaze-keyset-with-count,50000,65,27.5118
spring-data-page,50000,65,470.0958
jpa-offset,50000,65,439.8773
blaze-offset,50000,65,444.5100
hibernate-keyset,50000,66,1.8823
hql-row-value-keyset,50000,66,1.0570
blaze-keyset,50000,66,1.2818
blaze-keyset-with-count,50000,66,27.2582
spring-data-page,50000,66,465.1603
jpa-offset,50000,66,487.7302
blaze-offset,50000,66,445.3881
spring-data-keyset,50000,66,1.7003
hql-row-value-keyset,50000,67,0.9986
blaze-keyset,50000,67,1.3757
blaze-keyset-with-count,50000,67,27.3004
spring-data-page,50000,67,473.7172
jpa-offset,50000,67,463.5471
blaze-offset,50000,67,443.9178
spring-data-keyset,50000,67,1.6343
hibernate-keyset,50000,67,1.4713
blaze-keyset,50000,68,1.6541
blaze-keyset-with-count,50000,68,27.8457
spring-data-page,50000,68,473.0299
jpa-offset,50000,68,495.5035
blaze-offset,50000,68,446.5750
spring-data-keyset,50000,68,1.4619
hibernate-keyset,50000,68,1.4370
hql-row-value-keyset,50000,68,1.0116
blaze-keyset-with-count,50000,69,28.6083
spring-data-page,50000,69,520.3250
jpa-offset,50000,69,436.0606
blaze-offset,50000,69,463.0529
spring-data-keyset,50000,69,2.7180
hibernate-keyset,50000,69,2.7202
hql-row-value-keyset,50000,69,1.7905
blaze-keyset,50000,69,3.6844
spring-data-page,50000,70,471.1261
jpa-offset,50000,70,461.1792
blaze-offset,50000,70,448.3565
spring-data-keyset,50000,70,1.5785
hibernate-keyset,50000,70,1.9481
hql-row-value-keyset,50000,70,1.7002
blaze-keyset,50000,70,1.6648
blaze-keyset-with-count,50000,70,29.0487
jpa-offset,50000,71,466.5705
blaze-offset,50000,71,446.2162
spring-data-keyset,50000,71,1.4707
hibernate-keyset,50000,71,1.3666
hql-row-value-keyset,50000,71,0.9520
blaze-keyset,50000,71,1.4504
blaze-keyset-with-count,50000,71,28.3654
spring-data-page,50000,71,483.4957
blaze-offset,50000,72,462.0337
spring-data-keyset,50000,72,1.7960
hibernate-keyset,50000,72,1.5865
hql-row-value-keyset,50000,72,0.9456
blaze-keyset,50000,72,1.5774
blaze-keyset-with-count,50000,72,27.8416
spring-data-page,50000,72,524.0792
jpa-offset,50000,72,470.6155
spring-data-keyset,50000,73,1.5621
hibernate-keyset,50000,73,1.5243
hql-row-value-keyset,50000,73,1.1347
blaze-keyset,50000,73,1.3880
blaze-keyset-with-count,50000,73,27.9982
spring-data-page,50000,73,480.0473
jpa-offset,50000,73,432.5595
blaze-offset,50000,73,444.5829
hibernate-keyset,50000,74,1.8515
hql-row-value-keyset,50000,74,1.2281
blaze-keyset,50000,74,1.4289
blaze-keyset-with-count,50000,74,28.3970
spring-data-page,50000,74,487.8681
jpa-offset,50000,74,474.7799
blaze-offset,50000,74,436.9052
spring-data-keyset,50000,74,1.4581
hql-row-value-keyset,50000,75,1.1477
blaze-keyset,50000,75,1.7631
blaze-keyset-with-count,50000,75,28.1463
spring-data-page,50000,75,460.9543
jpa-offset,50000,75,507.2513
blaze-offset,50000,75,447.9634
spring-data-keyset,50000,75,2.1780
hibernate-keyset,50000,75,1.5848
blaze-keyset,50000,76,1.3577
blaze-keyset-with-count,50000,76,27.6708
spring-data-page,50000,76,483.1507
jpa-offset,50000,76,454.2377
blaze-offset,50000,76,488.3548
spring-data-keyset,50000,76,2.2533
hibernate-keyset,50000,76,1.7832
hql-row-value-keyset,50000,76,1.0051
blaze-keyset-with-count,50000,77,27.2558
spring-data-page,50000,77,450.5668
jpa-offset,50000,77,442.1538
blaze-offset,50000,77,441.4088
spring-data-keyset,50000,77,1.9250
hibernate-keyset,50000,77,1.4206
hql-row-value-keyset,50000,77,0.9573
blaze-keyset,50000,77,1.2377
spring-data-page,50000,78,492.4557
jpa-offset,50000,78,456.3670
blaze-offset,50000,78,440.6874
spring-data-keyset,50000,78,1.7645
hibernate-keyset,50000,78,1.6090
hql-row-value-keyset,50000,78,0.9423
blaze-keyset,50000,78,1.4464
blaze-keyset-with-count,50000,78,27.4942
jpa-offset,50000,79,443.4653
blaze-offset,50000,79,442.6376
spring-data-keyset,50000,79,1.5339
hibernate-keyset,50000,79,1.6663
hql-row-value-keyset,50000,79,1.2315
blaze-keyset,50000,79,1.4451
blaze-keyset-with-count,50000,79,28.4733
spring-data-page,50000,79,465.2745
blaze-offset,50000,80,451.1089
spring-data-keyset,50000,80,1.5333
hibernate-keyset,50000,80,2.0987
hql-row-value-keyset,50000,80,1.0126
blaze-keyset,50000,80,1.5731
blaze-keyset-with-count,50000,80,27.9223
spring-data-page,50000,80,474.4048
jpa-offset,50000,80,444.5220
spring-data-keyset,50000,81,1.6721
hibernate-keyset,50000,81,1.9520
hql-row-value-keyset,50000,81,0.9798
blaze-keyset,50000,81,1.3430
blaze-keyset-with-count,50000,81,28.3881
spring-data-page,50000,81,467.6773
jpa-offset,50000,81,436.6418
blaze-offset,50000,81,461.6505
hibernate-keyset,50000,82,1.9792
hql-row-value-keyset,50000,82,1.2380
blaze-keyset,50000,82,1.4584
blaze-keyset-with-count,50000,82,28.7990
spring-data-page,50000,82,467.7926
jpa-offset,50000,82,500.4225
blaze-offset,50000,82,535.7274
spring-data-keyset,50000,82,1.5859
hql-row-value-keyset,50000,83,1.1613
blaze-keyset,50000,83,1.5801
blaze-keyset-with-count,50000,83,28.9216
spring-data-page,50000,83,585.4109
jpa-offset,50000,83,535.4564
blaze-offset,50000,83,552.8283
spring-data-keyset,50000,83,1.6599
hibernate-keyset,50000,83,3.2405
blaze-keyset,50000,84,3.3304
blaze-keyset-with-count,50000,84,33.8962
spring-data-page,50000,84,524.8632
jpa-offset,50000,84,443.7600
blaze-offset,50000,84,503.1494
spring-data-keyset,50000,84,1.9676
hibernate-keyset,50000,84,2.1031
hql-row-value-keyset,50000,84,1.4409
blaze-keyset-with-count,50000,85,33.0950
spring-data-page,50000,85,561.0458
jpa-offset,50000,85,442.4836
blaze-offset,50000,85,463.4219
spring-data-keyset,50000,85,1.8768
hibernate-keyset,50000,85,1.6169
hql-row-value-keyset,50000,85,1.1627
blaze-keyset,50000,85,1.2034
spring-data-page,50000,86,466.7783
jpa-offset,50000,86,459.5724
blaze-offset,50000,86,438.8652
spring-data-keyset,50000,86,1.4895
hibernate-keyset,50000,86,1.4547
hql-row-value-keyset,50000,86,1.2393
blaze-keyset,50000,86,1.3643
blaze-keyset-with-count,50000,86,27.4905
jpa-offset,50000,87,464.0763
blaze-offset,50000,87,443.6560
spring-data-keyset,50000,87,1.6770
hibernate-keyset,50000,87,1.5700
hql-row-value-keyset,50000,87,0.9651
blaze-keyset,50000,87,1.2986
blaze-keyset-with-count,50000,87,28.8199
spring-data-page,50000,87,481.4719
blaze-offset,50000,88,454.7731
spring-data-keyset,50000,88,1.9197
hibernate-keyset,50000,88,1.9688
hql-row-value-keyset,50000,88,1.1363
blaze-keyset,50000,88,1.5639
blaze-keyset-with-count,50000,88,28.3876
spring-data-page,50000,88,493.1949
jpa-offset,50000,88,435.1548
spring-data-keyset,50000,89,1.4283
hibernate-keyset,50000,89,1.5767
hql-row-value-keyset,50000,89,0.9153
blaze-keyset,50000,89,1.6363
blaze-keyset-with-count,50000,89,26.5951
spring-data-page,50000,89,556.2288
jpa-offset,50000,89,439.1520
blaze-offset,50000,89,455.2041
hibernate-keyset,50000,90,3.3259
hql-row-value-keyset,50000,90,1.1084
blaze-keyset,50000,90,1.5338
blaze-keyset-with-count,50000,90,28.3931
spring-data-page,50000,90,473.9821
jpa-offset,50000,90,471.4550
blaze-offset,50000,90,456.5978
spring-data-keyset,50000,90,1.4884
hql-row-value-keyset,50000,91,0.9699
blaze-keyset,50000,91,1.7043
blaze-keyset-with-count,50000,91,27.9393
spring-data-page,50000,91,476.7142
jpa-offset,50000,91,463.0026
blaze-offset,50000,91,460.8314
spring-data-keyset,50000,91,1.7044
hibernate-keyset,50000,91,1.6630
blaze-keyset,50000,92,2.3865
blaze-keyset-with-count,50000,92,27.8189
spring-data-page,50000,92,481.0955
jpa-offset,50000,92,437.9264
blaze-offset,50000,92,446.3161
spring-data-keyset,50000,92,1.6167
hibernate-keyset,50000,92,1.4145
hql-row-value-keyset,50000,92,0.9394
blaze-keyset-with-count,50000,93,27.8041
spring-data-page,50000,93,478.1831
jpa-offset,50000,93,472.5031
blaze-offset,50000,93,558.3514
spring-data-keyset,50000,93,1.5219
hibernate-keyset,50000,93,1.6368
hql-row-value-keyset,50000,93,1.0672
blaze-keyset,50000,93,1.7673
spring-data-page,50000,94,480.0160
jpa-offset,50000,94,438.5422
blaze-offset,50000,94,451.9673
spring-data-keyset,50000,94,1.7302
hibernate-keyset,50000,94,1.4313
hql-row-value-keyset,50000,94,1.4980
blaze-keyset,50000,94,1.4860
blaze-keyset-with-count,50000,94,27.5862
jpa-offset,50000,95,453.4388
blaze-offset,50000,95,463.4047
spring-data-keyset,50000,95,1.5157
hibernate-keyset,50000,95,1.5776
hql-row-value-keyset,50000,95,1.6271
blaze-keyset,50000,95,1.5863
blaze-keyset-with-count,50000,95,27.5353
spring-data-page,50000,95,468.6443
blaze-offset,50000,96,499.3305
spring-data-keyset,50000,96,2.2940
hibernate-keyset,50000,96,1.7377
hql-row-value-keyset,50000,96,1.1814
blaze-keyset,50000,96,1.3710
blaze-keyset-with-count,50000,96,27.0456
spring-data-page,50000,96,493.1601
jpa-offset,50000,96,450.3108
spring-data-keyset,50000,97,1.6671
hibernate-keyset,50000,97,1.5408
hql-row-value-keyset,50000,97,1.2264
blaze-keyset,50000,97,1.6269
blaze-keyset-with-count,50000,97,29.9688
spring-data-page,50000,97,486.4931
jpa-offset,50000,97,493.5876
blaze-offset,50000,97,443.1839
hibernate-keyset,50000,98,2.0653
hql-row-value-keyset,50000,98,1.2857
blaze-keyset,50000,98,1.4881
blaze-keyset-with-count,50000,98,27.8340
spring-data-page,50000,98,474.5544
jpa-offset,50000,98,449.4750
blaze-offset,50000,98,469.2167
spring-data-keyset,50000,98,1.8553
hql-row-value-keyset,50000,99,1.1040
blaze-keyset,50000,99,1.4681
blaze-keyset-with-count,50000,99,27.8907
spring-data-page,50000,99,474.7828
jpa-offset,50000,99,438.7053
blaze-offset,50000,99,459.1425
spring-data-keyset,50000,99,2.1656
hibernate-keyset,50000,99,2.0166
